temp,humidity,precip,windspeed,conditions,cloudcover,visibility,solarradiation,pm25
66.7,72.9,0.0,11.4,2.0,62.0,9.0,302.1,51
69.9,69.6,0.0,11.4,2.0,44.0,9.0,350.8,39
65.0,70.0,0.0,9.2,2.0,51.0,10.0,302.6,54
66.5,70.8,0.0,9.2,2.0,49.0,10.0,335.4,54
80.0,43.2,0.0,6.3,1.0,0.5,8.2,314.0,59
70.5,60.0,0.0,5.4,1.0,2.9,9.8,243.0,42
68.1,71.9,0.0,6.7,2.0,51.7,8.2,312.7,37
74.6,59.6,0.0,11.5,1.0,4.4,5.6,350.3,96
75.1,66.8,0.0,7.3,2.0,35.0,7.0,229.1,69
12.7,60.7,0.0,6.8,1.0,8.3,15.6,121.5,66
9.9,60.1,8.662,19.3,3.0,48.0,15.1,138.6,42
17.4,62.3,0.0,12.0,1.0,6.4,15.0,295.2,61
22.4,68.1,0.427,17.3,4.0,3.1,15.1,301.4,70
18.7,71.1,0.0,10.0,2.0,41.9,13.8,218.0,53
25.1,37.6,0.0,12.6,1.0,0.6,16.0,261.3,65
15.5,68.7,0.0,22.9,1.0,5.9,15.9,261.5,48
21.4,71.1,0.0,11.2,1.0,6.5,16.0,134.4,46
21.8,72.9,0.0,21.5,2.0,48.1,16.0,256.1,40
21.8,72.4,0.0,18.5,1.0,7.7,16.0,231.1,45
17.8,50.5,0.0,16.5,1.0,0.2,16.0,175.8,31
18.0,66.8,0.0,9.1,1.0,4.4,15.4,130.8,58
12.0,72.5,0.879,10.2,3.0,85.6,15.1,145.0,51
15.3,66.5,1.509,16.9,3.0,84.6,13.9,76.1,45
15.6,79.1,0.0,9.5,2.0,46.9,9.0,265.3,60
15.8,78.4,0.0,16.2,2.0,62.5,9.9,283.6,81
18.0,71.9,0.0,15.3,2.0,33.2,15.9,161.0,29
17.9,73.4,0.0,10.0,5.0,99.4,15.9,59.2,41
20.3,63.7,0.0,14.6,1.0,1.8,16.0,212.5,51
13.9,43.2,0.0,9.0,1.0,2.1,16.0,97.3,35
17.8,41.5,0.0,6.9,1.0,3.8,16.0,153.3,41
19.1,76.0,0.0,20.1,2.0,49.2,15.9,196.1,37
16.6,58.5,0.0,27.1,1.0,7.7,16.0,178.4,45
58.6,65.5,0.0,8.2,1.0,2.5,8.1,188.0,63
60.7,71.4,0.029,4.9,3.0,86.3,9.3,45.7,33
70.1,59.3,0.0,7.4,2.0,21.0,4.4,153.7,136
60.7,66.6,0.0,4.2,1.0,1.4,7.9,141.0,57
10.5,75.5,9.713,7.9,3.0,80.0,15.2,57.2,35
22.3,68.5,0.0,26.5,2.0,42.3,14.4,340.3,60
21.1,70.4,0.0,19.3,2.0,39.5,13.3,340.4,60
24.0,61.1,0.0,18.5,1.0,1.1,10.5,306.5,54
20.4,75.0,0.0,9.0,2.0,67.9,15.4,138.7,37
18.0,78.4,0.0,13.0,5.0,98.8,15.3,129.4,52
20.6,28.7,0.0,11.0,1.0,0.0,16.0,175.3,33
16.9,66.3,0.0,20.8,1.0,5.3,15.9,252.5,36
20.5,69.8,0.0,12.0,2.0,28.0,13.5,328.0,58
23.5,59.9,0.0,11.2,1.0,1.7,16.0,273.3,57
23.9,72.2,0.0,14.9,1.0,11.7,15.8,271.0,48
14.0,46.4,0.0,16.7,1.0,2.3,16.0,167.2,23
18.8,37.7,0.0,6.9,1.0,2.5,16.0,63.7,67
14.1,64.5,0.0,7.4,2.0,65.7,15.7,73.5,40
14.3,47.4,0.019,27.8,3.0,55.8,16.0,194.9,52
14.6,41.0,0.0,13.0,1.0,3.3,16.0,207.3,21
24.6,61.9,0.0,12.8,1.0,4.7,15.8,228.6,45
22.8,74.9,0.0,15.2,2.0,27.9,14.9,232.1,37
20.8,67.6,0.0,11.2,1.0,0.7,14.7,157.9,73
19.4,81.5,0.0,14.3,2.0,43.7,9.7,124.4,58
19.6,27.6,0.0,8.8,1.0,3.9,16.0,155.9,34
14.4,68.2,0.0,7.8,1.0,2.4,14.5,129.9,41
14.4,81.9,6.181,14.5,6.0,97.8,13.7,111.8,16
23.0,64.7,0.0,21.2,1.0,12.4,15.7,331.2,52
20.7,68.0,0.0,20.9,1.0,12.3,16.0,295.6,42
22.6,65.6,0.0,19.7,1.0,13.2,16.0,301.8,47
18.6,78.3,0.0,17.3,2.0,77.0,15.6,74.4,72
17.8,51.3,0.0,29.3,1.0,5.9,15.5,170.7,45
14.0,46.5,0.0,15.0,2.0,55.4,12.9,133.0,59
11.9,55.0,0.0,20.0,2.0,37.7,15.9,63.9,33
72.1,58.9,0.0,10.3,2.0,20.0,8.0,353.2,53
66.6,46.7,0.0,6.0,2.0,30.2,9.3,163.8,64
72.7,58.6,0.0,8.8,1.0,3.5,3.5,209.0,151
64.0,50.1,0.0,6.1,1.0,4.6,9.6,153.5,32
13.9,64.1,0.0,10.9,5.0,94.5,16.0,182.2,49
14.0,67.2,0.0,17.1,1.0,1.6,16.0,246.5,47
17.3,70.6,0.0,20.1,2.0,69.4,15.9,200.0,79
20.5,53.9,0.0,16.0,1.0,0.2,15.8,368.6,48
22.3,69.8,0.0,14.6,2.0,27.0,13.7,336.3,71
22.7,68.8,0.0,18.5,1.0,4.4,15.6,330.2,57
18.2,77.1,0.0,7.6,5.0,99.9,15.1,31.7,55
10.7,72.3,0.672,19.3,4.0,18.9,15.3,121.7,36
11.6,79.1,0.0,8.6,2.0,22.8,15.4,112.9,12
16.6,30.7,0.0,16.2,1.0,0.0,16.0,172.8,39
22.4,25.8,0.0,17.3,1.0,2.1,16.0,286.0,34
17.0,72.9,0.0,13.4,2.0,79.1,16.0,138.4,42
20.4,71.8,0.0,12.9,2.0,28.9,16.0,305.1,37
20.6,69.6,0.0,20.5,2.0,32.5,15.9,267.6,41
20.0,58.4,0.0,19.7,1.0,0.4,16.0,309.4,46
24.2,64.4,0.0,14.2,2.0,24.0,16.0,82.3,45
15.2,71.1,0.0,10.7,1.0,6.9,15.8,143.6,46
12.8,66.5,0.161,13.4,4.0,4.8,15.9,156.2,27
17.8,66.1,0.0,12.2,5.0,94.7,16.0,116.8,32
20.1,76.1,0.0,20.9,2.0,38.2,11.3,202.3,72
23.2,69.6,0.0,24.5,1.0,2.8,15.8,223.5,33
24.3,61.1,0.0,14.5,1.0,1.6,14.7,194.0,47
21.0,74.8,0.0,12.1,2.0,80.9,14.4,121.8,39
18.7,30.2,0.0,6.5,1.0,4.7,16.0,100.9,36
16.8,70.4,13.955,20.6,3.0,63.8,14.8,112.3,26
13.1,68.9,0.0,12.8,1.0,2.7,15.8,128.1,61
17.2,38.8,0.0,20.5,1.0,3.0,16.0,263.2,30
17.0,64.4,0.0,16.4,1.0,10.3,16.0,211.6,40
17.1,62.7,0.0,17.9,1.0,5.2,16.0,327.3,36
18.0,67.3,0.0,18.9,2.0,68.5,15.9,253.7,47
21.5,74.2,0.09,21.0,3.0,37.1,14.3,290.3,57
63.7,32.3,0.0,4.8,1.0,1.7,9.9,124.7,40
81.5,15.0,0.0,12.7,1.0,0.1,9.9,362.6,17
67.6,67.4,0.0,9.8,2.0,58.2,9.9,306.6,45
68.0,68.0,0.0,8.5,2.0,60.8,9.9,299.1,37
80.2,62.4,0.0,5.5,1.0,5.0,7.0,200.2,69
74.7,70.6,0.0,5.0,5.0,94.9,7.0,83.6,74
57.4,62.3,0.0,7.2,2.0,33.2,9.9,118.7,46
16.1,71.7,0.009,10.3,6.0,99.7,16.0,77.9,49
15.8,58.4,0.0,17.1,2.0,36.2,15.9,348.1,56
20.7,72.9,0.0,10.8,2.0,56.7,13.6,339.8,79
24.6,60.2,0.0,21.3,1.0,1.4,15.9,325.4,62
17.6,66.9,0.0,22.1,1.0,0.7,16.0,209.0,21
12.2,69.2,0.0,12.0,2.0,78.5,15.2,29.7,44
13.8,55.3,0.0,6.0,1.0,2.5,15.2,78.2,69
16.6,39.8,0.0,7.7,2.0,31.4,15.7,39.4,29
15.0,62.6,0.0,13.2,1.0,2.7,15.8,231.0,31
20.7,74.1,0.0,11.9,2.0,26.2,15.3,308.0,41
28.3,55.8,0.0,11.8,1.0,8.4,15.8,142.8,61
21.0,69.2,0.0,17.9,2.0,59.7,15.9,213.1,55
15.1,93.1,10.288,12.6,6.0,99.8,8.2,26.8,18
13.2,62.0,0.0,12.3,2.0,27.4,15.7,74.0,33
11.2,72.3,9.533,11.6,3.0,64.4,14.8,142.4,31
16.5,64.8,0.0,20.3,1.0,5.4,16.0,196.5,26
17.5,68.6,0.0,13.1,2.0,26.1,15.7,239.9,31
17.1,72.6,0.0,12.1,1.0,18.4,15.2,239.6,42
24.0,70.0,0.0,20.1,1.0,8.7,14.7,186.9,61
22.8,70.9,0.0,15.6,2.0,73.5,16.0,136.4,44
22.8,71.0,0.0,11.9,1.0,3.8,15.4,173.8,56
18.2,53.2,0.364,17.1,4.0,19.6,15.7,64.2,22
16.5,47.7,0.0,14.7,2.0,42.3,15.7,167.8,32
22.6,68.1,0.0,21.3,1.0,8.5,15.5,310.3,52
20.1,75.3,0.0,21.7,2.0,58.8,13.3,268.6,57
18.0,72.0,0.0,15.0,2.0,29.3,10.9,165.8,77
15.0,38.4,0.0,11.0,2.0,47.5,15.6,60.4,32
59.5,62.1,0.002,6.2,3.0,48.8,9.9,163.3,24
62.5,63.0,0.0,6.8,2.0,51.9,7.2,193.2,44
81.8,21.0,0.0,8.8,1.0,0.8,9.9,372.5,14
68.9,67.8,0.0,13.0,1.0,2.1,9.8,329.3,54
79.7,53.9,0.0,8.3,1.0,1.4,9.5,298.5,44
69.6,69.7,0.0,14.7,1.0,2.4,8.8,273.6,46
68.9,74.9,0.0,5.7,2.0,44.8,7.5,166.8,82
12.6,78.6,0.0,10.0,1.0,19.5,12.1,127.9,59
19.9,31.3,0.0,8.0,1.0,0.4,16.0,148.1,52
15.9,53.3,0.0,16.4,2.0,26.1,15.2,187.3,37
20.6,75.6,0.0,17.5,2.0,33.4,12.1,311.0,69
19.0,77.1,0.0,14.2,2.0,21.4,14.3,210.5,53
12.5,65.2,0.0,8.6,1.0,5.9,16.0,86.3,23
13.1,73.6,0.0,8.9,2.0,29.1,12.4,114.0,85
21.6,59.6,0.0,10.6,1.0,0.6,14.4,263.3,64
16.0,66.4,0.0,14.3,1.0,16.9,15.5,285.8,58
18.0,70.2,0.0,10.8,1.0,19.6,14.9,295.1,57
17.5,71.1,0.0,15.1,2.0,77.1,16.0,123.1,32
21.3,69.1,0.0,12.9,1.0,6.2,14.1,324.1,60
20.4,80.8,0.0,15.6,2.0,55.9,11.5,190.5,69
16.1,41.6,0.0,4.1,1.0,0.1,14.9,77.7,53
16.1,31.1,0.0,13.1,1.0,1.8,15.9,71.5,65
14.6,41.3,0.0,13.0,1.0,1.7,15.6,119.3,21
11.5,80.1,12.7,11.2,3.0,86.5,14.2,67.4,30
15.1,80.4,0.0,12.8,2.0,70.0,7.8,217.3,76
15.0,72.6,0.0,18.9,2.0,84.8,13.8,140.9,54
16.1,78.8,0.0,18.0,2.0,63.3,9.3,287.8,61
16.5,65.2,0.0,11.5,2.0,54.7,16.0,167.8,43
19.2,71.6,0.0,17.0,2.0,30.1,13.1,229.6,90
23.9,56.9,0.0,8.9,1.0,2.0,15.9,228.2,43
22.6,71.5,0.0,11.6,2.0,22.3,11.8,185.8,63
22.2,69.8,0.0,10.4,2.0,25.6,13.5,190.7,43
23.0,79.2,0.768,10.7,6.0,99.9,13.2,36.4,57
20.6,78.7,0.081,12.6,6.0,100.0,15.2,46.6,40
21.2,72.6,0.0,18.1,2.0,28.7,15.3,301.9,47
19.4,74.7,0.0,19.9,2.0,82.0,16.0,121.0,42
20.5,77.0,0.0,16.4,2.0,34.1,11.4,226.1,50
17.9,41.5,0.0,18.0,1.0,1.1,16.0,174.3,27
16.1,46.4,0.058,17.3,3.0,76.6,10.7,102.1,45
17.4,35.6,0.0,11.3,2.0,26.7,13.1,138.6,38
17.4,21.4,0.0,9.7,1.0,18.9,16.0,69.6,36
67.5,23.9,0.0,9.2,1.0,1.2,9.9,163.5,33
64.5,59.6,0.0,12.5,2.0,59.9,9.7,215.1,49
61.0,70.6,0.01,12.5,3.0,67.2,9.3,133.1,29
66.8,72.9,0.0,13.3,2.0,36.7,7.1,341.3,59
67.8,65.6,0.0,8.3,2.0,55.8,9.9,209.8,19
82.2,55.7,0.0,10.1,1.0,1.3,8.7,278.2,70
68.9,69.4,0.0,8.5,2.0,35.1,8.7,303.3,56
18.3,20.2,0.0,22.3,1.0,1.8,16.0,279.7,35
18.4,70.6,0.0,11.6,2.0,61.5,15.4,285.1,58
18.9,75.6,0.0,11.9,2.0,29.3,12.9,198.5,51
22.3,45.5,0.0,10.4,1.0,0.9,15.8,181.3,52
18.3,32.1,0.0,17.7,1.0,1.0,15.9,214.6,37
13.7,79.0,25.862,17.0,6.0,94.9,13.0,60.0,44
16.7,66.5,0.0,14.8,1.0,4.2,15.9,274.6,49
22.8,63.9,0.0,15.1,1.0,5.1,16.0,289.1,47
21.9,78.4,0.0,11.9,1.0,18.2,14.0,271.8,42
14.1,63.3,0.0,9.9,2.0,84.0,16.0,26.8,47
12.2,50.3,0.0,14.4,1.0,0.2,16.0,141.6,30
14.8,82.3,0.0,12.9,2.0,80.5,15.3,169.6,28
18.2,72.3,0.0,11.7,5.0,92.6,15.9,89.5,38
17.4,62.1,0.0,12.6,5.0,90.1,16.0,125.9,42
20.3,69.0,0.0,18.5,2.0,38.3,14.8,173.7,57
24.5,64.9,0.0,12.2,1.0,4.9,15.6,119.0,46
24.8,48.3,0.0,12.3,1.0,0.0,15.8,135.9,45
22.2,53.7,0.0,11.3,1.0,0.0,16.0,116.6,57
18.6,30.1,0.0,5.6,1.0,2.0,16.0,156.0,44
15.1,74.8,0.0,9.2,2.0,20.3,12.2,103.6,65
14.4,68.3,0.0,8.0,2.0,43.5,15.1,164.2,40
14.9,69.5,0.0,20.6,1.0,8.2,16.0,241.2,21
16.5,73.2,0.0,21.9,2.0,88.6,16.0,110.6,55
20.2,66.1,0.0,17.1,1.0,6.9,15.9,350.4,56
24.6,54.0,0.0,18.9,1.0,3.1,16.0,315.0,43
23.5,58.2,0.0,22.7,1.0,6.4,16.0,272.5,52
19.9,74.8,0.0,20.5,2.0,74.7,15.6,132.3,50
15.9,34.7,0.0,15.6,1.0,0.0,16.0,171.0,40
16.1,42.5,0.195,14.7,6.0,91.0,13.3,78.3,54
13.4,69.1,0.0,17.1,1.0,14.9,16.0,112.7,44
59.2,64.0,0.05,7.1,3.0,86.6,9.7,158.9,30
71.2,69.2,0.0,10.6,1.0,18.0,6.6,237.5,73
57.7,63.6,0.0,10.6,1.0,1.8,9.7,155.4,54
62.2,65.0,0.0,5.4,1.0,2.6,8.7,142.6,59
12.4,60.2,0.0,12.9,1.0,1.3,15.9,243.6,24
14.9,62.4,0.0,16.2,2.0,49.7,16.0,301.8,47
18.4,69.3,0.0,10.7,1.0,14.0,14.8,302.9,65
20.4,70.6,0.0,11.4,2.0,27.2,15.6,274.4,56
16.4,70.4,0.88,23.3,3.0,44.9,15.8,147.5,44
12.5,84.9,39.667,21.3,6.0,100.0,9.0,10.4,70
17.2,57.5,0.0,10.7,1.0,3.1,15.9,222.9,21
21.4,75.7,0.0,18.9,1.0,1.4,16.0,215.8,40
14.4,55.5,0.0,9.4,1.0,1.8,15.7,92.8,41
12.1,62.3,0.0,12.8,1.0,5.5,16.0,133.8,26
20.5,66.3,0.0,20.9,1.0,1.8,15.9,143.4,36
20.7,27.6,0.0,7.6,1.0,1.4,16.0,108.0,28
19.9,24.1,0.0,7.9,1.0,1.2,16.0,77.3,43
18.2,78.3,0.0,11.2,2.0,62.1,15.4,60.4,39
14.2,70.4,0.0,8.9,2.0,24.8,13.1,128.3,41
18.2,49.5,0.0,9.6,2.0,75.0,15.9,51.3,47
13.7,78.3,0.0,10.6,2.0,22.3,10.5,136.8,72
15.7,63.7,0.0,23.6,2.0,30.8,16.0,224.5,27
16.5,73.5,0.0,10.6,2.0,86.7,16.0,76.2,52
16.9,68.3,0.0,16.4,2.0,63.6,15.9,272.0,36
20.2,75.1,0.0,19.7,2.0,47.1,11.7,343.0,60
17.6,79.3,0.0,17.2,2.0,58.2,12.2,233.7,54
15.8,59.0,0.0,16.9,1.0,7.1,15.7,179.4,41
18.3,40.6,0.0,17.6,1.0,14.6,16.0,156.2,46
15.3,21.0,0.0,12.0,1.0,19.4,16.0,80.1,60
12.7,74.5,0.0,15.4,2.0,28.8,15.8,121.7,41
65.0,34.8,0.0,9.3,1.0,1.4,9.8,165.7,70
66.8,66.6,0.0,8.2,2.0,52.7,9.9,232.3,30
69.7,70.3,0.0,12.8,2.0,58.1,9.8,259.8,60
73.5,67.8,0.0,7.3,1.0,5.4,7.0,218.8,66
71.0,76.0,0.0,6.4,2.0,37.9,5.8,182.7,69
56.5,62.9,0.0,5.2,1.0,5.8,9.9,127.4,47
20.0,29.5,0.0,5.5,1.0,1.0,15.9,143.4,50
9.5,46.6,0.0,11.1,1.0,9.3,15.9,162.8,11
20.3,49.3,0.0,13.2,1.0,0.3,15.7,337.3,49
17.8,66.5,0.0,11.9,5.0,98.7,15.7,107.7,47
22.0,70.0,0.0,8.6,2.0,46.7,15.6,294.3,71
21.5,70.6,0.0,19.1,1.0,14.5,14.6,353.0,60
23.7,65.6,0.0,13.6,1.0,3.7,14.9,299.9,67
24.0,56.7,0.0,25.0,1.0,12.3,16.0,245.7,56
18.9,77.3,0.0,8.3,5.0,90.2,15.3,66.2,53
18.1,73.3,0.266,11.5,3.0,72.5,15.8,89.6,41
14.5,83.7,0.0,8.4,2.0,46.8,8.5,104.8,77
18.7,58.5,0.0,10.7,1.0,3.1,15.8,241.0,40
18.2,74.3,0.0,9.9,5.0,90.7,15.9,179.3,57
27.8,57.8,0.0,11.5,1.0,5.4,15.7,161.4,62
23.5,66.7,0.0,24.3,1.0,2.2,15.8,221.2,50
20.5,79.3,0.692,17.8,3.0,72.5,15.6,164.0,51
13.5,46.1,0.0,18.9,1.0,0.0,15.9,87.7,43
18.3,77.5,0.0,17.6,2.0,68.5,12.9,174.3,61
18.2,70.1,0.0,13.0,2.0,26.1,15.8,215.1,43
25.2,66.8,0.0,20.1,1.0,9.4,14.2,208.3,65
23.1,72.1,0.0,21.0,2.0,41.6,15.0,196.7,26
17.8,63.1,0.0,10.6,2.0,51.7,16.0,56.7,28
20.2,70.9,0.0,8.4,1.0,6.1,15.8,124.6,50
15.5,83.7,2.319,10.1,6.0,91.5,15.2,83.5,47
13.8,43.2,0.0,13.4,1.0,1.1,16.0,188.3,17
15.6,77.6,0.0,10.6,2.0,60.0,12.5,161.0,36
12.5,52.8,0.0,17.5,1.0,1.5,16.0,306.3,32
16.7,77.4,0.0,20.9,2.0,89.9,14.0,204.5,67
22.3,75.5,0.0,15.2,2.0,38.7,14.4,248.5,130
18.1,75.9,0.0,27.5,2.0,53.8,14.8,109.4,69
68.1,71.5,0.0,10.3,2.0,47.0,9.0,332.2,50
57.8,68.1,0.0,6.1,2.0,22.7,9.3,115.2,28
62.8,67.4,0.0,7.9,2.0,23.8,8.0,218.8,38
75.1,49.7,0.0,6.6,1.0,0.7,9.8,364.5,34
74.3,67.6,0.0,6.4,1.0,6.8,8.8,337.8,55
75.1,60.8,0.0,5.2,1.0,0.2,8.1,340.3,64
83.4,50.2,0.0,6.3,1.0,1.0,7.8,273.4,79
13.6,60.5,0.0,29.0,2.0,63.3,16.0,168.6,20
17.6,62.5,0.0,9.3,1.0,15.7,15.4,300.2,38
17.1,64.3,0.0,22.7,1.0,4.3,15.5,289.5,59
19.1,70.4,0.0,12.3,2.0,31.4,11.7,336.9,75
17.3,70.6,0.0,11.2,2.0,70.0,12.9,300.4,82
14.9,79.2,0.0,8.8,2.0,52.6,5.2,117.5,100
16.0,52.4,0.0,6.5,1.0,0.2,15.6,126.1,51
11.8,52.6,0.0,11.7,1.0,0.4,15.3,118.1,34
9.6,78.5,0.818,11.7,3.0,52.8,14.5,44.0,20
16.0,52.7,0.0,14.3,1.0,6.4,16.0,179.5,31
15.3,74.1,0.064,17.7,3.0,39.3,15.4,197.8,56
15.4,29.9,0.0,18.3,1.0,0.2,16.0,277.8,26
15.9,66.0,0.0,12.2,2.0,62.8,15.5,193.5,65
20.5,72.7,0.0,14.1,2.0,34.1,16.0,289.4,89
22.2,72.2,0.0,11.6,1.0,4.1,15.9,153.9,43
21.5,78.1,0.0,19.3,2.0,53.8,10.1,198.6,66
20.6,80.5,0.0,10.1,2.0,47.8,13.8,172.3,38
16.3,31.1,0.0,10.7,1.0,3.0,15.8,138.0,37
9.0,72.6,1.183,10.9,3.0,62.7,15.6,132.5,18
22.5,76.1,0.0,17.7,2.0,46.1,12.8,211.4,31
26.2,55.5,0.0,12.5,1.0,0.0,15.5,207.8,53
20.7,75.2,0.0,13.9,2.0,53.6,14.4,162.5,49
19.9,69.6,0.0,10.8,2.0,64.8,15.9,52.8,32
19.2,76.1,0.0,11.3,2.0,24.8,15.8,104.2,24
17.6,34.0,0.0,11.5,1.0,0.7,16.0,64.1,36
14.4,82.0,0.0,6.5,5.0,94.9,9.9,42.5,72
13.6,67.1,0.0,18.9,1.0,18.9,16.0,204.9,18
17.2,58.7,0.0,14.8,1.0,1.1,16.0,295.9,25
22.1,68.5,0.0,21.3,1.0,17.1,16.0,280.7,38
17.9,83.2,0.0,19.7,2.0,63.2,12.0,214.3,57
15.4,78.2,0.351,14.8,3.0,64.8,15.4,105.4,48
14.5,61.8,0.0,33.4,2.0,40.5,15.9,117.6,44
13.8,40.7,0.0,24.1,1.0,5.3,16.0,155.0,31
64.1,34.0,0.0,9.0,2.0,22.0,9.9,185.0,46
59.6,68.1,0.0,6.4,1.0,16.0,6.8,192.5,64
67.0,70.0,0.0,7.9,2.0,62.9,3.3,236.8,71
67.1,62.9,0.0,9.0,2.0,48.6,7.1,310.8,57
77.2,53.4,0.0,10.1,1.0,2.0,6.0,208.5,91
69.5,68.3,0.0,11.5,2.0,63.6,8.7,117.3,66
66.4,38.1,0.0,5.2,1.0,0.1,9.7,161.0,66
55.4,44.5,0.0,7.4,1.0,8.2,9.9,133.1,34
15.8,65.9,0.0,10.5,2.0,26.6,16.0,160.7,34
16.2,57.9,0.0,7.9,1.0,1.4,15.0,213.0,33
14.6,67.7,0.0,11.7,2.0,78.1,15.8,94.1,47
18.1,70.8,0.0,12.7,2.0,66.3,15.3,248.8,61
19.3,66.3,0.0,13.7,2.0,52.9,15.9,301.4,59
21.3,71.6,0.0,20.5,2.0,44.9,12.8,286.3,74
20.3,75.3,0.0,16.7,2.0,30.6,12.6,303.5,61
16.1,84.0,0.0,7.3,2.0,61.0,3.5,159.4,92
11.2,41.2,0.0,10.9,1.0,0.0,16.0,124.8,46
19.0,48.8,0.0,22.1,1.0,2.9,15.7,212.8,40
16.6,72.6,0.0,11.8,1.0,19.6,12.3,234.3,46
15.3,26.5,0.0,20.4,1.0,18.2,16.0,283.8,57
16.6,78.4,0.0,13.0,5.0,98.3,12.4,205.0,60
21.9,70.3,0.0,14.4,1.0,17.6,14.0,316.7,59
19.0,74.2,0.0,17.3,2.0,55.5,15.2,175.0,56
23.3,67.7,0.0,13.4,1.0,14.3,16.0,221.8,38
17.2,66.1,0.0,11.6,1.0,3.6,15.9,168.5,36
16.0,34.6,0.0,10.2,1.0,0.3,16.0,140.3,41
12.1,71.4,0.0,13.6,1.0,5.0,15.9,57.6,29
11.6,68.5,0.0,6.9,1.0,2.5,15.9,62.1,39
13.5,46.8,0.0,10.9,1.0,1.2,15.9,82.3,38
13.4,42.4,0.0,7.8,1.0,4.1,15.9,100.9,41
15.0,44.4,0.0,9.5,1.0,4.6,16.0,129.9,49
13.5,81.3,0.736,10.7,6.0,99.9,12.6,104.7,48
15.5,65.4,0.0,22.5,2.0,60.0,15.9,224.4,63
16.1,72.6,0.0,15.1,2.0,69.4,15.7,85.0,40
22.8,74.1,0.0,11.3,2.0,45.5,15.4,121.5,50
20.9,75.8,0.0,11.1,1.0,12.6,13.0,155.2,59
18.9,64.7,0.0,12.0,2.0,50.7,16.0,64.6,53
16.5,60.8,0.0,7.1,1.0,4.0,15.2,129.3,58
12.2,72.0,0.0,7.5,2.0,37.5,15.4,125.5,54
13.9,72.8,0.381,21.9,3.0,24.3,16.0,208.1,20
19.5,71.7,0.0,19.9,2.0,60.5,15.6,273.7,66
21.0,78.6,0.0,16.7,2.0,48.5,10.5,200.8,65
19.4,84.5,0.0,17.2,2.0,62.4,8.2,202.5,68
68.4,62.1,0.0,9.3,1.0,6.9,9.6,324.5,48
59.6,77.8,0.0,6.6,2.0,53.7,7.6,130.1,57
60.7,27.7,0.0,4.7,1.0,0.8,9.9,146.0,42
13.3,62.8,0.0,13.3,1.0,0.9,16.0,230.0,37
16.9,59.2,0.0,12.4,1.0,0.6,16.0,358.8,56
24.5,57.9,0.0,7.5,1.0,0.9,11.2,317.7,51
15.7,28.3,0.0,6.9,1.0,1.4,16.0,121.2,37
15.5,47.6,0.0,14.2,1.0,0.6,15.9,138.5,40
13.8,55.0,0.0,4.9,1.0,1.4,13.8,144.6,54
12.8,36.5,0.0,10.0,1.0,2.4,16.0,193.3,39
11.3,52.3,0.0,13.7,1.0,1.0,16.0,217.8,27
21.3,34.8,0.0,16.2,1.0,0.3,15.8,288.3,45
20.0,76.1,0.0,10.8,2.0,39.6,14.2,296.7,36
20.5,72.9,0.0,12.4,1.0,11.2,14.0,301.6,68
23.3,67.8,0.0,13.9,1.0,4.1,15.9,296.1,55
21.6,72.7,0.0,11.6,2.0,24.0,14.8,138.2,52
23.8,60.2,0.0,14.6,1.0,2.1,16.0,267.2,42
20.5,72.1,0.0,13.1,1.0,8.3,15.4,268.5,44
16.1,44.5,0.0,9.4,1.0,0.7,14.5,76.5,62
14.1,41.7,0.0,5.7,1.0,5.0,16.0,103.5,51
25.6,59.6,0.0,19.9,1.0,3.0,15.9,138.2,52
11.5,59.4,0.0,10.2,1.0,2.6,15.9,136.0,38
16.3,67.0,0.0,23.3,2.0,53.2,15.9,263.3,32
20.7,69.9,0.0,20.3,2.0,20.5,15.8,338.2,51
19.0,81.7,0.0,19.7,2.0,71.5,12.3,241.0,47
19.5,77.1,0.0,15.4,2.0,52.1,8.8,207.6,80
19.1,74.7,0.0,16.8,2.0,44.4,11.2,207.2,64
20.0,32.5,0.0,18.1,1.0,3.5,15.9,190.7,45
14.8,55.8,0.0,11.8,1.0,12.0,15.7,124.8,56
63.9,66.1,0.0,6.6,2.0,37.8,7.4,231.3,59
64.9,61.1,0.0,12.7,1.0,3.8,6.6,325.6,35
66.8,72.0,0.0,7.9,2.0,56.3,7.7,341.1,58
69.2,67.7,0.0,6.9,1.0,1.7,9.7,327.8,35
73.4,69.8,0.0,5.5,1.0,8.9,6.8,331.2,67
80.0,67.3,0.0,8.7,1.0,5.5,6.9,258.3,81
61.1,34.7,0.0,3.9,1.0,0.2,9.9,139.0,37
15.2,67.6,0.0,15.4,5.0,99.7,15.7,58.2,52
22.0,43.5,0.0,16.1,1.0,0.6,15.9,345.6,55
22.0,68.5,0.0,15.8,1.0,2.4,15.7,354.4,54
20.7,75.6,0.0,18.4,2.0,26.1,12.9,264.8,58
22.5,68.0,0.28,19.3,4.0,11.6,15.6,269.1,51
17.2,48.8,0.415,23.1,4.0,17.0,16.0,237.9,57
20.8,68.4,0.236,11.5,4.0,15.9,14.7,162.5,69
21.3,69.6,0.0,14.9,1.0,1.9,16.0,320.6,35
21.3,73.7,0.0,14.1,2.0,62.1,14.5,146.0,57
26.1,70.3,0.218,15.0,3.0,55.5,16.0,223.3,28
20.9,82.3,0.0,18.1,2.0,43.1,10.0,195.6,72
14.2,85.4,22.453,20.1,3.0,73.0,11.6,43.6,19
17.4,37.6,0.0,9.4,1.0,0.2,16.0,113.1,38
11.5,68.8,0.0,12.3,2.0,20.5,16.0,88.6,44
15.3,47.5,0.0,10.9,1.0,3.0,16.0,132.2,58
15.0,26.8,0.0,20.0,1.0,2.3,16.0,173.8,37
12.3,72.4,12.119,17.2,3.0,75.3,12.5,160.0,40
16.4,50.3,0.0,23.1,1.0,3.8,16.0,252.8,40
15.9,76.0,0.0,12.6,2.0,46.1,11.6,263.3,45
15.6,74.9,1.031,18.1,3.0,88.6,13.9,155.5,63
18.5,71.1,0.0,12.8,2.0,70.9,16.0,109.8,22
23.8,51.5,0.0,10.4,1.0,3.6,15.4,189.1,58
24.8,69.7,0.0,12.3,1.0,8.9,13.6,192.8,72
22.3,77.7,0.0,14.2,2.0,59.7,14.1,215.8,37
21.5,60.9,0.0,11.3,1.0,2.8,15.8,114.9,46
17.2,69.6,0.0,21.5,2.0,77.0,15.3,203.3,48
16.1,73.8,0.0,23.9,2.0,74.6,15.2,136.6,49
23.0,67.3,0.0,21.3,1.0,6.1,15.9,307.9,59
18.4,77.9,0.0,18.1,2.0,76.9,12.6,100.7,53
14.9,56.6,0.0,11.8,1.0,8.4,16.0,123.9,50
72.1,66.2,0.0,8.1,2.0,40.0,6.0,363.4,244
73.0,57.8,0.0,6.6,1.0,2.9,7.0,319.5,56
68.0,66.7,0.0,11.6,2.0,28.7,9.7,336.7,50
67.1,67.6,0.0,14.5,2.0,30.0,9.9,386.3,25
69.7,68.2,0.0,9.9,2.0,26.3,9.7,330.8,47
64.5,78.3,0.0,5.5,2.0,40.0,3.3,150.5,76
56.8,40.9,0.0,5.2,1.0,1.6,9.4,120.3,32
56.8,55.6,0.0,8.0,1.0,19.8,9.9,87.7,35
18.1,36.1,0.0,8.8,1.0,2.3,16.0,145.8,59
22.3,70.3,0.0,9.9,2.0,48.4,13.4,265.0,77
15.1,74.1,0.316,10.1,3.0,71.3,12.4,64.0,96
15.9,28.9,0.0,8.8,1.0,2.7,16.0,85.9,52
13.8,33.6,0.0,17.4,1.0,0.5,15.8,170.2,36
9.7,36.5,0.0,18.2,1.0,0.2,16.0,210.7,13
14.8,69.6,0.0,10.7,2.0,31.5,13.3,198.3,54
11.7,61.2,1.624,42.8,3.0,48.9,15.7,138.8,27
14.1,39.2,0.0,25.2,1.0,1.1,16.0,225.4,40
15.9,68.6,0.0,16.6,2.0,23.3,15.9,225.3,50
21.3,52.6,0.0,8.9,1.0,8.6,15.2,263.0,47
19.5,72.5,0.0,11.1,2.0,53.8,14.2,115.3,57
22.3,71.7,0.0,10.0,1.0,7.8,16.0,248.5,42
26.3,49.2,0.0,14.2,1.0,4.4,16.0,280.3,58
15.2,47.5,0.0,11.0,1.0,0.5,16.0,92.4,39
13.8,26.7,0.0,12.3,1.0,0.9,16.0,143.1,53
18.3,70.9,0.0,13.9,2.0,21.5,14.9,271.1,58
21.7,70.0,0.0,13.0,1.0,14.0,16.0,149.3,27
20.0,72.8,0.0,10.6,1.0,14.3,13.1,144.5,71
20.2,70.4,0.0,9.8,1.0,6.3,15.0,110.7,51
16.8,69.8,0.0,15.6,2.0,28.8,16.0,113.0,29
14.3,60.3,0.0,11.0,1.0,1.6,15.8,132.4,25
13.6,77.8,0.0,9.4,2.0,60.7,15.7,49.7,47
18.7,43.2,0.0,9.6,1.0,4.7,16.0,156.5,41
18.2,79.3,0.0,16.9,2.0,55.1,13.2,179.3,72
18.1,79.8,0.0,13.8,5.0,100.0,12.2,26.8,66
14.5,36.8,0.0,14.3,1.0,3.5,16.0,154.8,44
15.4,60.5,0.0,10.6,1.0,18.9,13.2,123.2,44
13.6,85.3,0.0,12.6,2.0,68.9,10.4,101.3,48
76.1,59.9,0.0,11.4,1.0,17.0,9.0,364.1,39
56.8,61.5,0.002,12.2,3.0,56.7,9.9,124.6,28
60.7,68.2,0.207,13.2,3.0,41.8,9.2,226.0,21
56.6,65.4,0.024,9.6,3.0,53.8,9.1,156.4,13
66.9,71.6,0.0,10.2,1.0,8.8,9.2,329.4,48
72.1,61.8,0.0,6.6,1.0,4.7,3.6,220.5,137
75.2,48.5,0.0,7.2,1.0,1.5,5.3,226.8,151
55.7,55.8,0.0,12.7,2.0,34.6,9.9,158.8,26
14.2,71.5,0.0,8.7,1.0,7.3,15.6,160.0,50
17.5,65.5,0.0,20.3,1.0,5.0,14.9,309.7,60
21.0,70.2,0.0,11.5,1.0,7.8,13.9,349.3,61
24.2,62.2,0.0,10.4,1.0,1.3,15.7,261.5,58
21.2,33.1,0.0,13.8,1.0,0.0,16.0,200.2,57
14.9,89.4,14.769,21.1,3.0,57.7,12.3,24.1,34
9.8,83.0,39.57,13.2,3.0,89.7,11.8,29.3,27
16.5,76.2,0.018,8.3,6.0,99.8,15.6,84.4,64
20.2,73.3,0.0,18.4,2.0,27.8,13.2,309.7,54
20.6,74.8,0.0,15.9,2.0,53.7,14.0,181.8,55
20.6,76.5,0.018,10.9,3.0,63.2,15.5,124.2,61
11.7,66.8,0.0,9.5,1.0,2.1,15.9,63.9,41
14.1,58.0,0.0,6.4,1.0,5.1,15.8,45.3,39
8.3,88.3,49.965,16.6,6.0,97.2,11.4,35.8,27
24.8,68.7,0.0,19.7,1.0,3.9,13.2,179.1,64
22.2,72.7,0.0,16.4,1.0,1.4,15.4,204.9,38
19.3,70.0,0.0,10.5,1.0,7.2,13.8,118.5,65
20.9,76.0,0.0,7.7,2.0,26.0,10.6,125.7,54
14.3,66.7,0.265,17.8,3.0,84.5,16.0,139.9,39
16.0,74.5,0.0,20.9,2.0,80.5,14.2,210.5,50
17.2,74.6,0.0,20.1,2.0,61.8,13.4,327.3,53
20.1,74.4,0.0,18.3,1.0,9.3,16.0,275.5,44
12.7,73.6,0.0,13.9,1.0,8.4,14.7,121.0,52
13.5,57.1,0.0,17.7,1.0,14.4,15.9,121.9,59
19.0,36.7,0.0,11.0,1.0,2.0,15.7,127.0,61
59.4,71.0,0.024,8.2,3.0,51.3,9.9,89.7,60
59.4,69.7,0.0,6.2,1.0,5.1,7.0,192.0,63
67.8,71.7,0.0,9.8,2.0,44.0,6.0,265.9,62
72.4,62.1,0.0,9.8,1.0,2.4,9.0,341.0,49
75.5,62.3,0.0,6.4,1.0,2.2,8.6,192.7,74
10.6,71.0,0.0,14.4,2.0,33.1,14.0,152.3,28
17.0,65.1,0.0,14.0,2.0,28.2,14.7,280.4,49
18.9,64.1,0.0,20.1,2.0,61.2,15.8,329.3,55
18.5,50.7,0.0,8.4,1.0,0.0,16.0,187.0,35
18.5,66.8,0.0,8.5,1.0,1.0,14.6,251.1,59
16.9,71.5,0.0,21.1,2.0,44.7,15.3,224.7,60
17.7,67.3,0.0,15.6,2.0,53.8,16.0,237.3,58
21.3,73.5,0.0,16.1,2.0,25.1,15.7,252.5,31
22.0,81.9,0.0,19.1,2.0,29.3,12.0,224.7,59
20.5,71.6,0.0,9.0,2.0,49.3,16.0,196.0,43
13.2,71.7,0.018,7.7,3.0,70.2,15.9,67.1,48
12.5,50.9,0.0,10.4,1.0,1.9,14.0,155.4,20
22.9,64.7,0.0,9.7,1.0,3.0,14.5,134.6,43
14.5,83.6,10.668,12.5,3.0,62.1,12.3,82.1,69
18.2,65.1,0.0,17.2,1.0,1.5,15.7,333.5,45
22.4,64.2,0.0,21.9,1.0,6.3,16.0,322.3,46
58.7,69.6,0.0,6.9,1.0,8.8,8.7,121.4,63
56.8,81.9,0.513,4.4,3.0,85.3,7.3,36.4,38
66.7,56.4,0.0,14.2,1.0,11.0,9.9,322.1,28
70.5,58.1,0.0,7.8,1.0,11.4,9.9,328.6,33
65.0,57.2,0.0,17.4,1.0,11.7,9.9,340.3,14
76.5,17.5,0.0,9.5,1.0,0.5,9.9,368.5,34
71.5,68.6,0.0,6.5,1.0,0.6,8.0,270.9,53
57.1,43.5,0.0,4.1,1.0,0.0,9.9,129.2,48
13.1,77.2,0.0,8.1,2.0,46.9,11.7,113.5,52
13.1,72.6,0.0,8.7,2.0,24.7,9.2,179.3,68
16.3,17.9,0.0,10.1,1.0,0.1,16.0,229.6,43
15.6,65.5,0.0,21.1,2.0,57.0,16.0,238.9,54
22.9,58.4,0.0,15.9,1.0,0.8,16.0,364.0,58
18.9,79.0,0.0,10.6,2.0,42.7,14.1,128.5,36
16.3,79.8,0.0,8.8,2.0,69.7,11.9,153.4,48
16.2,83.4,0.0,11.9,2.0,60.7,6.8,160.3,60
21.2,39.5,0.0,8.6,1.0,0.0,16.0,154.0,33
9.5,72.7,0.017,8.6,3.0,30.6,15.2,83.2,31
21.6,35.4,0.0,15.8,1.0,0.1,16.0,239.4,51
15.4,73.0,0.0,17.9,2.0,41.9,16.0,180.1,45
16.8,59.4,0.0,17.1,1.0,8.0,16.0,287.0,31
24.3,56.6,0.0,14.2,1.0,1.9,16.0,276.7,56
22.4,73.9,0.0,16.0,2.0,30.1,16.0,253.9,49
28.6,51.7,0.0,17.7,1.0,2.0,16.0,197.3,62
29.9,51.7,1.563,29.2,3.0,27.6,15.5,93.7,53
11.2,62.9,0.0,9.2,1.0,4.4,15.9,95.3,22
12.2,41.5,0.0,8.8,1.0,0.7,16.0,98.6,43
11.4,32.0,0.0,11.1,1.0,4.4,15.6,95.2,29
15.9,62.6,0.142,14.0,3.0,61.2,16.0,158.0,17
19.1,75.3,0.0,9.4,2.0,33.4,16.0,103.8,46
15.1,80.8,0.0,10.5,2.0,48.3,15.4,114.0,23
14.1,75.1,0.0,18.3,2.0,30.6,15.5,180.7,51
16.0,71.3,0.0,20.9,2.0,57.8,15.7,281.4,33
20.4,73.9,0.0,18.9,2.0,37.3,15.9,220.8,47
19.3,75.0,0.0,16.4,2.0,41.0,9.7,205.3,97
16.5,48.8,0.0,14.8,1.0,11.5,16.0,136.8,32
62.8,60.9,0.0,6.6,1.0,13.6,9.4,268.3,47
61.5,64.0,0.0,7.4,1.0,16.8,9.9,280.3,12
69.1,61.7,0.0,10.8,2.0,30.8,7.7,321.4,65
74.3,58.5,0.0,5.5,1.0,0.1,7.9,252.5,89
72.2,67.5,0.0,10.3,1.0,5.1,5.8,192.4,126
77.1,51.8,0.0,7.2,1.0,1.5,9.6,196.5,68
13.4,46.7,0.0,8.3,1.0,1.2,13.9,135.5,33
13.1,73.8,0.0,10.4,2.0,59.1,10.3,159.4,73
15.8,67.6,0.0,21.9,2.0,80.5,16.0,178.7,55
22.7,68.3,0.0,6.8,2.0,28.4,9.6,346.4,44
23.8,70.6,0.0,18.9,2.0,33.3,8.7,292.0,56
22.4,63.9,0.0,10.9,1.0,1.1,15.0,315.0,70
22.8,57.9,0.0,13.8,1.0,0.0,14.9,309.5,66
17.2,75.3,0.0,7.4,2.0,35.9,16.0,128.3,36
18.8,45.7,0.0,9.9,1.0,0.6,12.0,139.3,117
14.0,77.3,0.0,6.8,2.0,50.5,8.0,85.3,122
15.1,74.2,0.0,21.9,2.0,39.2,16.0,237.6,38
26.7,20.1,0.0,12.7,1.0,1.6,16.0,213.3,57
25.7,53.5,0.0,13.3,1.0,2.2,16.0,293.5,51
21.3,72.4,0.0,16.7,2.0,39.4,15.7,141.6,56
24.5,67.1,0.0,11.3,1.0,1.3,15.9,223.8,56
20.4,69.5,0.0,15.0,2.0,59.0,16.0,189.8,50
14.9,52.0,0.0,14.3,1.0,6.0,16.0,149.8,38
15.7,80.1,0.0,10.0,1.0,14.7,13.9,49.0,25
14.5,86.3,0.203,7.0,6.0,99.9,13.5,32.8,37
13.7,73.6,0.0,8.2,2.0,74.6,16.0,78.2,29
14.1,80.9,0.767,23.9,6.0,95.1,13.2,91.0,46
13.9,39.9,0.0,16.0,1.0,14.7,16.0,166.6,27
16.8,76.3,0.0,12.9,2.0,52.7,11.8,288.0,57
15.3,35.4,0.0,4.3,1.0,1.8,16.0,130.3,45
15.2,76.3,0.0,10.3,2.0,30.9,12.1,126.1,73
15.6,63.9,0.0,10.0,1.0,3.4,15.9,157.9,38
16.4,79.4,0.0,8.0,5.0,98.4,8.9,191.0,62
15.9,69.8,0.0,19.7,2.0,52.9,16.0,242.6,54
21.9,65.1,0.0,22.3,1.0,14.0,15.9,335.0,46
19.7,72.3,0.0,22.9,2.0,43.2,14.1,345.3,54
21.9,67.3,0.0,21.6,1.0,11.0,15.8,327.5,45
23.6,62.3,0.0,19.3,1.0,1.1,16.0,315.2,48
13.6,42.9,0.0,9.2,2.0,81.7,11.4,67.8,56
74.0,54.2,0.0,10.3,1.0,9.0,9.0,359.5,63
65.4,68.9,0.0,9.2,2.0,51.0,10.0,321.4,44
64.5,60.9,0.0,7.0,1.0,18.7,9.7,194.5,29
71.1,64.5,0.0,11.7,1.0,6.6,7.7,320.5,60
70.7,72.4,0.0,6.4,2.0,46.1,7.9,282.0,68
74.4,75.5,0.0,8.7,2.0,41.0,7.9,290.2,93
57.3,76.2,0.0,7.3,2.0,32.7,7.3,137.8,66
17.1,70.0,0.0,10.2,2.0,50.6,13.5,247.4,57
21.9,40.0,0.0,14.5,1.0,0.1,15.5,341.6,72
21.1,73.1,0.0,12.3,2.0,29.7,13.7,322.5,66
23.3,68.9,0.0,19.1,2.0,29.1,14.0,327.0,75
23.1,30.1,0.0,8.8,1.0,0.0,16.0,151.4,30
14.6,50.7,0.0,8.5,1.0,0.5,15.4,144.8,23
19.4,70.2,0.0,21.9,2.0,34.5,16.0,288.5,43
26.4,48.9,0.0,12.8,1.0,1.7,16.0,222.2,59
20.4,75.6,0.0,13.7,1.0,1.8,16.0,211.5,43
14.6,58.9,0.0,8.4,1.0,5.3,15.9,72.1,33
11.2,64.7,0.0,10.8,1.0,9.0,15.9,120.1,40
11.2,55.7,0.0,17.4,1.0,0.0,16.0,80.2,39
14.2,40.7,0.0,11.8,1.0,0.9,16.0,93.6,46
17.3,73.0,0.0,20.1,2.0,72.3,15.1,241.4,57
18.4,67.7,0.0,21.5,2.0,32.9,15.8,186.3,52
22.8,73.2,0.0,14.8,2.0,30.2,13.9,113.5,64
18.0,76.5,0.0,9.3,2.0,26.5,13.7,95.3,74
11.4,90.6,29.897,10.3,6.0,99.1,10.4,29.0,16
14.3,67.9,0.0,16.1,2.0,23.7,16.0,209.4,30
17.5,65.8,0.0,17.9,1.0,5.9,15.6,314.5,40
17.8,68.9,0.0,22.3,2.0,39.3,15.9,301.9,55
15.9,72.4,0.0,21.0,2.0,67.8,15.7,175.3,37
16.7,74.4,0.0,19.7,2.0,54.0,14.9,255.3,59
13.9,34.7,0.0,17.1,1.0,10.5,16.0,147.9,44
61.1,72.0,0.0,8.6,2.0,41.1,7.2,199.6,64
63.4,59.7,0.0,10.4,2.0,70.7,7.1,225.9,21
63.0,64.6,0.0,10.4,2.0,55.7,6.7,200.8,19
90.3,37.2,0.0,8.7,1.0,3.0,7.8,264.3,86
13.4,65.5,0.0,9.0,1.0,2.6,14.1,115.3,61
12.5,47.4,0.0,18.1,1.0,0.2,15.8,156.3,34
15.3,66.9,0.0,14.5,2.0,67.7,15.6,240.8,67
15.0,75.6,0.0,10.3,5.0,99.7,15.9,58.8,48
16.1,65.6,0.0,13.6,2.0,39.1,16.0,200.2,42
17.2,69.9,0.0,21.8,2.0,34.8,14.9,286.0,62
19.7,77.8,0.0,17.3,2.0,58.5,13.1,299.0,53
30.9,45.9,0.0,12.5,1.0,2.6,16.0,165.2,57
14.2,87.4,28.696,24.1,3.0,72.1,11.1,33.5,31
14.3,90.2,23.286,13.5,6.0,97.4,6.5,29.1,39
18.3,75.8,0.0,9.9,2.0,70.2,13.1,256.3,67
18.7,75.6,0.0,10.3,2.0,78.7,12.7,197.4,64
24.0,69.8,0.0,17.3,1.0,6.4,14.5,246.9,60
23.2,83.9,46.247,12.8,3.0,86.1,10.3,23.7,35
21.6,73.0,0.0,15.9,1.0,15.9,14.7,199.7,47
21.2,65.7,0.0,23.7,1.0,1.3,15.9,107.6,57
11.5,61.8,0.0,11.1,1.0,4.0,16.0,137.0,37
11.3,69.3,0.03,18.7,3.0,41.9,16.0,160.5,26
14.8,69.8,0.0,23.1,2.0,20.3,16.0,238.6,34
16.9,58.5,0.0,22.3,2.0,22.7,15.9,228.2,27
19.2,71.3,0.0,18.1,1.0,18.2,12.3,132.0,65
16.5,55.6,0.0,17.0,1.0,13.1,16.0,163.2,36
70.7,64.8,0.0,9.2,2.0,38.0,9.0,358.6,50
75.5,61.9,0.0,10.3,1.0,14.0,9.0,355.8,36
71.3,70.9,0.0,11.4,2.0,34.0,9.0,355.3,48
71.0,68.6,0.0,9.2,2.0,53.0,9.0,353.1,23
60.4,67.4,0.0,4.2,1.0,1.2,8.9,207.0,41
68.8,39.4,0.0,9.0,1.0,0.0,8.3,322.5,34
69.2,68.8,0.0,10.1,1.0,1.0,9.8,342.1,28
71.2,61.7,0.0,6.7,1.0,1.3,9.8,304.6,40
67.8,67.6,0.0,5.4,2.0,70.4,8.5,69.3,56
64.6,75.9,0.0,5.4,1.0,18.5,5.5,160.7,75
54.2,48.3,0.0,5.3,1.0,0.8,9.9,166.8,28
60.7,40.1,0.0,6.4,1.0,0.7,9.7,137.4,42
59.1,23.9,0.0,6.1,1.0,0.7,9.9,140.1,47
12.9,60.5,0.0,28.2,2.0,20.4,16.0,231.4,29
11.9,63.7,7.469,33.2,3.0,66.8,14.2,148.2,45
14.6,65.0,0.0,11.1,2.0,33.6,15.7,306.8,59
19.0,56.7,0.0,19.7,2.0,47.4,16.0,329.2,40
22.6,67.9,0.0,18.9,2.0,35.2,15.1,322.2,57
21.1,71.1,0.0,14.7,1.0,6.2,14.3,343.5,61
22.9,61.6,0.0,22.8,1.0,0.8,14.5,354.9,57
21.6,46.1,0.0,11.6,1.0,0.0,16.0,182.8,42
21.0,47.4,0.0,11.4,1.0,0.1,15.8,153.4,73
14.6,48.4,0.0,12.1,1.0,0.2,16.0,190.3,28
15.4,43.2,0.0,12.6,1.0,1.0,16.0,186.1,26
15.1,53.2,0.0,22.8,1.0,2.6,16.0,302.1,46
21.8,68.7,0.0,12.3,1.0,1.7,16.0,126.6,51
15.3,92.7,1.927,12.3,3.0,89.2,12.2,18.3,46
15.7,33.3,0.0,14.6,1.0,3.6,16.0,116.2,53
18.5,66.1,0.0,15.1,2.0,60.1,16.0,182.6,33
20.0,69.3,0.0,11.6,2.0,27.1,15.6,189.8,54
16.9,34.1,0.0,9.1,1.0,3.0,16.0,68.4,27
17.8,43.7,0.0,7.3,1.0,3.5,16.0,59.1,34
15.4,60.7,0.0,16.6,1.0,3.6,15.9,231.3,41
14.9,73.7,3.569,41.5,3.0,67.5,14.0,130.7,65
16.3,70.1,0.0,21.3,2.0,68.5,15.7,210.3,60
17.4,63.7,0.0,20.5,1.0,2.5,16.0,331.2,36
16.8,73.7,0.0,15.5,2.0,86.3,15.9,207.6,38
16.9,75.0,0.0,16.9,2.0,79.3,15.8,146.2,53
71.3,62.8,0.0,10.3,2.0,44.0,9.0,357.1,45
58.1,59.1,0.0,5.4,1.0,2.2,9.3,136.5,68
57.1,58.3,0.0,7.9,2.0,43.6,9.6,94.1,49
56.3,66.7,0.0,5.2,2.0,30.7,8.0,111.7,58
71.4,22.6,0.0,4.8,1.0,2.4,9.8,170.0,42
72.8,67.8,0.0,6.4,2.0,33.9,7.1,333.2,65
67.1,72.8,0.0,5.9,2.0,44.4,7.5,340.0,49
70.0,64.4,0.0,11.8,2.0,53.3,9.9,236.2,50
75.7,52.3,0.0,9.1,1.0,3.0,9.9,235.0,49
15.2,34.5,0.0,13.6,1.0,0.1,15.9,214.3,42
11.3,48.2,0.0,14.7,1.0,0.7,16.0,259.4,18
17.9,71.7,0.0,17.3,2.0,74.5,15.5,303.2,63
22.4,52.7,0.0,10.7,1.0,2.0,15.9,336.3,59
18.2,72.1,0.0,20.5,2.0,22.4,16.0,240.5,53
16.8,79.6,0.0,6.3,2.0,41.1,7.0,158.4,74
12.3,47.1,0.0,8.4,1.0,0.2,15.9,121.9,48
21.0,69.5,0.0,13.9,1.0,9.5,15.9,240.3,44
14.9,48.0,0.0,6.1,1.0,1.7,15.1,76.5,37
14.8,66.9,0.0,8.2,1.0,8.0,13.8,120.4,46
14.7,70.6,0.0,8.0,2.0,37.8,15.8,53.4,56
15.3,66.1,0.0,21.5,1.0,2.6,16.0,248.5,26
17.8,67.6,0.0,17.1,2.0,29.5,15.9,301.8,41
18.4,79.1,0.0,21.5,2.0,36.6,14.5,246.5,53
13.9,59.4,0.0,13.4,1.0,16.2,15.8,105.9,90
62.7,34.9,0.0,4.6,1.0,0.5,9.9,144.8,62
78.2,40.6,0.0,7.6,1.0,1.8,6.3,313.2,57
68.1,67.8,0.0,6.5,2.0,63.4,9.9,232.1,34
67.2,72.1,0.0,6.7,1.0,12.6,8.9,332.0,48
81.8,58.9,0.0,12.5,1.0,4.7,6.3,270.5,87
14.6,53.8,0.0,10.4,1.0,6.8,16.0,143.3,14
15.7,37.5,0.0,12.8,1.0,1.0,15.7,206.0,40
20.3,69.8,0.0,10.2,2.0,43.6,13.1,343.0,92
24.0,61.4,0.0,13.6,1.0,2.5,16.0,304.2,61
16.4,66.3,0.0,12.7,1.0,2.8,15.3,202.3,47
15.5,72.6,0.0,12.6,2.0,25.5,15.9,266.6,29
20.5,68.6,0.0,14.4,1.0,2.5,15.8,318.1,61
23.4,61.6,0.0,14.4,1.0,2.2,15.9,267.9,59
22.0,71.0,0.0,13.2,2.0,27.8,16.0,216.1,46
17.3,48.2,0.0,12.0,1.0,3.3,15.3,187.3,58
20.0,74.9,0.0,17.3,2.0,55.7,14.7,212.0,41
19.4,69.7,0.0,13.7,2.0,46.6,12.6,194.3,82
18.3,69.1,0.0,11.1,1.0,4.0,11.6,84.2,68
14.6,60.9,0.0,15.6,2.0,53.6,16.0,97.5,32
16.6,85.1,18.718,16.9,6.0,90.1,13.7,39.3,40
12.2,39.2,0.0,23.7,1.0,8.0,16.0,143.5,46
12.9,39.5,0.0,16.4,1.0,15.9,16.0,145.3,53
17.2,73.7,0.0,21.1,2.0,63.0,14.3,239.9,57
20.2,66.4,0.0,18.9,1.0,6.1,15.8,340.0,50
19.0,79.5,0.0,17.1,2.0,58.9,8.7,206.0,56
18.0,25.9,0.0,15.5,1.0,2.3,16.0,114.3,36
57.4,59.5,0.0,5.8,1.0,0.5,9.7,176.5,45
64.5,55.9,0.0,5.1,1.0,1.0,7.4,206.1,77
68.8,69.5,0.0,8.0,2.0,38.7,7.6,327.9,50
70.6,71.1,0.0,5.9,2.0,49.0,6.2,232.4,68
77.5,48.2,0.0,7.7,1.0,0.3,9.7,201.6,60
66.7,68.9,0.0,7.2,5.0,91.6,9.5,58.7,48
55.7,44.0,0.0,8.1,1.0,0.4,9.9,165.6,35
59.4,23.5,0.022,6.3,3.0,26.1,9.8,21.0,75
10.7,78.9,22.267,16.5,3.0,78.5,13.9,61.2,32
17.2,66.2,0.0,12.1,2.0,29.2,14.4,311.4,60
17.6,44.3,0.0,11.8,1.0,0.0,16.0,204.7,41
23.4,49.0,0.0,13.5,1.0,0.2,15.8,318.6,49
21.1,70.6,0.0,22.7,1.0,14.8,14.6,311.5,64
12.2,75.8,0.0,7.5,1.0,5.4,15.7,72.1,26
13.3,24.5,0.0,8.7,1.0,5.3,15.8,110.4,34
10.7,87.8,35.636,23.5,6.0,99.9,8.0,12.1,25
11.0,56.3,6.729,20.9,3.0,49.9,15.2,107.7,26
12.1,83.2,27.87,20.7,6.0,96.6,11.7,59.0,27
18.6,73.8,0.0,8.6,5.0,99.8,15.8,59.9,45
22.4,73.4,0.0,18.5,2.0,67.5,15.9,156.5,21
19.4,75.6,0.0,12.8,1.0,19.9,12.2,161.1,81
16.3,24.4,0.0,8.3,1.0,2.1,16.0,135.7,43
11.8,88.9,0.0,16.6,2.0,50.6,8.6,47.5,66
74.4,62.2,0.0,10.3,2.0,34.0,9.0,357.7,18
53.9,75.4,0.714,8.8,3.0,75.1,8.0,53.4,15
78.2,44.4,0.0,11.9,1.0,2.3,5.1,306.5,55
67.5,73.6,0.0,8.8,2.0,65.5,7.9,314.1,54
74.6,70.3,0.0,7.8,1.0,12.5,8.1,294.7,56
54.1,45.5,0.0,4.3,1.0,1.2,9.9,135.7,34
11.5,66.3,4.005,23.8,3.0,43.5,15.1,78.1,26
15.9,49.9,0.0,28.1,2.0,26.0,15.6,263.7,41
16.0,62.1,0.0,16.0,5.0,94.9,15.9,102.1,71
17.1,68.3,0.0,10.7,2.0,86.3,16.0,141.2,35
15.3,79.3,0.0,9.5,2.0,59.5,9.1,121.9,54
15.2,79.4,0.0,9.0,2.0,79.8,14.0,90.2,43
19.1,37.8,0.0,7.4,1.0,0.2,16.0,175.7,34
16.5,66.5,0.0,22.7,2.0,53.4,15.5,205.7,52
17.9,68.1,0.0,13.2,2.0,22.7,16.0,309.3,36
21.4,71.4,0.0,16.0,1.0,2.2,15.7,258.1,37
25.7,42.1,0.0,10.5,1.0,1.8,15.9,183.9,48
18.6,40.3,0.0,5.0,1.0,4.1,16.0,52.7,39
13.6,83.8,32.315,17.3,6.0,100.0,9.7,16.3,58
14.1,61.5,0.0,13.1,2.0,24.9,16.0,191.5,44
14.6,72.3,9.67,13.9,3.0,80.9,14.8,118.0,23
17.6,78.4,0.0,16.0,5.0,96.1,12.4,141.6,63
21.2,65.5,0.0,12.6,1.0,2.1,15.8,196.8,63
21.0,71.6,0.0,7.9,1.0,4.6,15.5,126.6,51
19.0,42.9,0.0,6.0,1.0,0.5,16.0,95.8,44
16.1,64.2,7.396,11.7,3.0,81.3,13.0,28.5,40
14.7,74.4,0.0,22.9,2.0,39.1,14.5,260.9,47
21.3,75.1,0.0,22.5,2.0,38.2,13.4,305.4,56
20.2,74.5,0.0,21.3,2.0,52.0,14.1,275.7,47
14.2,81.7,0.0,13.8,2.0,54.1,6.4,108.6,92
59.1,75.6,0.0,6.0,2.0,43.8,3.0,146.6,53
53.9,28.5,0.0,8.7,1.0,1.5,9.9,165.8,31
63.2,62.6,0.0,12.5,2.0,84.6,7.1,134.9,30
67.8,61.8,0.0,15.7,1.0,4.5,9.9,344.3,46
68.1,70.8,0.0,14.9,1.0,18.4,9.2,343.6,23
69.6,66.8,0.0,9.6,1.0,0.5,9.7,323.6,49
81.5,57.1,0.0,7.3,1.0,1.8,9.3,291.8,65
16.1,55.5,0.0,12.1,1.0,0.0,15.9,300.4,35
18.1,68.1,0.0,17.0,2.0,27.9,14.4,329.7,68
19.5,50.6,0.0,29.2,1.0,0.2,16.0,370.6,50
22.3,68.1,0.0,20.1,2.0,42.6,15.7,236.1,37
15.2,70.3,0.0,20.9,1.0,0.6,14.5,178.4,27
15.0,84.5,0.0,15.8,2.0,37.9,11.4,146.0,68
16.0,32.0,0.0,6.8,1.0,2.4,15.9,88.2,19
14.0,69.2,0.089,20.5,3.0,63.8,15.8,94.0,57
19.8,48.3,0.0,16.7,1.0,2.0,16.0,238.0,55
15.2,57.8,0.0,22.5,1.0,0.7,15.9,273.3,35
18.4,70.9,0.0,22.2,2.0,48.4,13.8,303.1,76
20.3,71.2,0.0,20.1,1.0,15.7,14.5,302.9,62
17.6,69.0,0.0,13.4,2.0,23.2,15.9,161.5,39
17.5,69.3,0.0,16.2,1.0,2.2,15.6,161.7,52
15.9,54.6,0.0,9.9,1.0,4.4,16.0,88.8,42
11.7,71.4,0.0,11.3,2.0,57.2,15.6,103.8,52
17.8,68.4,0.0,13.3,2.0,73.2,16.0,83.5,34
15.3,35.6,0.0,8.8,1.0,4.9,16.0,133.5,39
14.5,79.3,0.0,8.4,2.0,84.0,10.8,79.0,54
23.0,68.2,0.0,20.9,1.0,12.5,15.6,311.4,51
22.2,69.5,0.0,21.1,1.0,12.7,16.0,304.0,55
18.8,66.5,0.0,20.7,2.0,25.8,15.9,251.8,28
13.5,43.5,0.0,19.3,1.0,3.1,16.0,161.9,36
13.4,88.5,0.166,12.9,3.0,87.2,10.8,37.0,55
62.5,51.6,0.0,6.5,2.0,21.0,9.9,160.0,34
60.5,66.1,1.304,6.0,3.0,42.5,7.9,191.0,26
66.7,56.9,0.0,11.5,1.0,8.7,9.9,354.4,23
75.1,59.6,0.0,9.1,1.0,5.2,9.0,348.5,183
81.0,46.1,0.0,7.3,1.0,0.1,9.6,225.8,62
13.8,68.5,0.0,11.2,2.0,65.7,16.0,101.5,41
11.4,69.3,20.348,10.6,3.0,74.2,14.6,171.0,31
19.8,73.9,0.0,10.8,2.0,44.4,13.5,343.8,70
19.3,70.1,0.0,17.5,2.0,27.0,15.9,356.5,60
19.1,72.9,0.0,10.7,2.0,47.9,11.7,267.8,64
24.0,39.6,0.0,16.2,1.0,0.9,16.0,209.2,47
18.7,62.1,0.0,18.9,1.0,0.0,16.0,210.7,35
14.4,83.1,0.0,8.7,2.0,58.5,4.9,133.4,135
15.5,75.7,0.0,9.5,2.0,37.6,9.6,125.1,81
13.7,75.8,2.719,19.5,3.0,67.2,14.9,24.6,63
11.5,86.0,0.0,7.8,2.0,85.9,4.9,84.5,69
15.1,75.8,0.0,12.4,2.0,26.6,15.3,236.1,51
24.1,81.3,6.84,7.0,3.0,71.5,15.3,67.3,36
15.3,86.7,0.66,5.1,3.0,88.8,13.0,30.9,37
13.7,56.6,0.0,8.1,1.0,0.8,15.9,64.3,50
26.3,57.7,0.0,15.6,1.0,0.2,14.9,278.7,61
22.9,64.5,0.018,18.5,3.0,58.3,16.0,140.5,25
19.0,39.2,0.0,22.1,1.0,1.2,15.9,82.4,25
16.2,32.9,0.0,7.2,1.0,3.5,16.0,127.2,32
11.5,33.9,0.0,13.6,1.0,0.3,15.9,142.3,17
14.4,58.2,0.0,19.3,1.0,3.6,16.0,244.8,13
20.1,71.0,0.0,19.9,2.0,24.7,14.5,337.6,50
23.2,76.4,0.0,23.1,2.0,26.0,13.2,281.2,62
20.5,58.2,0.0,16.2,1.0,4.5,15.8,190.9,49
13.9,71.7,0.0,10.4,2.0,23.0,8.5,129.7,121
70.8,66.2,0.0,9.2,2.0,27.0,8.0,363.6,52
56.3,65.3,0.0,8.0,1.0,17.2,9.1,130.7,55
61.4,71.6,0.0,5.2,2.0,49.8,5.5,184.3,70
73.7,22.5,0.0,6.4,1.0,2.8,9.9,200.8,34
62.8,48.3,0.0,10.3,1.0,11.8,9.9,153.7,19
65.8,74.3,0.0,5.7,2.0,61.8,8.2,261.1,62
67.2,68.1,0.0,7.6,2.0,55.4,9.2,245.8,48
68.0,69.7,0.0,9.7,2.0,25.5,9.4,331.7,49
80.2,64.7,0.0,6.3,1.0,4.7,7.2,231.8,70
58.8,52.6,0.0,4.3,2.0,26.9,6.4,84.8,60
20.6,64.8,0.0,16.8,1.0,2.7,15.7,370.0,39
24.3,64.8,0.0,11.9,1.0,2.4,15.8,333.8,72
24.3,61.9,0.0,19.1,1.0,1.6,15.6,329.7,62
21.4,77.8,0.0,17.7,2.0,33.3,11.1,270.8,67
18.9,73.0,0.0,12.7,1.0,5.8,15.5,191.0,41
15.5,80.9,0.0,13.0,1.0,2.6,11.5,73.0,58
16.8,25.5,0.0,6.7,1.0,1.0,16.0,130.4,22
14.7,39.4,0.0,10.0,1.0,0.1,16.0,170.5,31
17.8,69.9,0.0,18.9,2.0,26.8,15.1,296.2,57
21.3,67.4,0.0,13.1,1.0,11.3,15.0,311.6,64
27.3,68.1,0.0,16.7,1.0,7.2,16.0,211.8,51
21.3,76.2,0.0,10.7,2.0,50.1,15.4,211.1,51
17.6,68.0,0.0,13.1,1.0,18.1,16.0,116.5,43
14.1,69.5,0.0,14.6,2.0,73.6,15.7,107.1,51
9.1,69.6,3.361,28.6,3.0,77.8,15.5,90.2,36
19.8,65.9,0.0,20.1,1.0,19.8,15.9,218.5,41
19.1,76.4,0.0,20.1,2.0,30.4,11.4,219.8,55
21.3,74.9,0.0,10.3,2.0,64.1,15.8,106.8,35
13.2,79.2,15.299,17.2,3.0,72.6,13.4,109.2,33
15.2,69.0,0.0,20.9,1.0,11.9,15.6,270.8,35
12.0,81.7,29.118,22.1,6.0,94.3,12.4,118.1,26
11.3,62.6,2.287,42.9,3.0,51.2,15.7,233.1,31
23.5,57.8,0.0,26.7,1.0,14.4,16.0,331.6,50
19.6,71.9,0.0,19.7,2.0,41.1,10.9,352.8,59
29.1,49.8,0.0,20.1,1.0,9.2,16.0,259.7,66
15.0,32.6,0.0,11.6,1.0,4.7,16.0,152.9,58
58.2,68.9,0.0,3.7,1.0,2.2,9.0,141.0,39
65.3,68.5,0.0,9.2,2.0,47.0,9.9,190.9,25
58.3,43.7,0.0,9.6,1.0,5.1,9.8,290.3,17
66.1,71.8,0.0,7.2,2.0,83.5,9.9,207.5,46
72.0,71.6,0.0,6.4,2.0,54.9,7.5,206.6,69
68.4,67.7,0.0,5.1,2.0,70.3,8.3,59.1,97
64.6,48.6,0.0,6.3,1.0,0.3,9.9,171.9,99
73.4,39.4,0.0,5.0,1.0,2.4,9.7,115.0,87
15.4,46.6,0.0,10.0,1.0,1.3,14.0,137.7,63
15.0,60.4,0.0,17.7,2.0,47.0,16.0,193.1,40
10.9,60.4,0.0,15.6,1.0,16.0,15.9,179.9,19
17.2,50.6,0.0,20.7,2.0,26.5,16.0,363.8,62
21.8,68.5,0.0,17.8,1.0,15.3,15.0,339.2,60
22.7,73.3,2.136,18.8,3.0,25.8,13.9,302.9,67
22.9,64.1,0.0,16.7,1.0,0.7,11.5,344.2,59
19.3,73.0,0.0,14.9,2.0,45.3,11.4,289.5,58
12.3,64.2,0.0,5.5,1.0,15.9,15.2,118.0,37
13.0,75.8,0.0,15.2,2.0,39.7,13.8,175.7,35
13.0,65.8,0.0,12.9,2.0,69.5,15.9,147.5,56
14.7,67.0,0.0,13.1,2.0,28.8,16.0,217.1,39
18.9,31.8,0.0,17.1,1.0,1.7,15.8,305.3,29
24.9,55.9,0.0,10.9,1.0,1.8,15.9,271.5,54
14.9,39.8,0.0,11.5,1.0,2.7,16.0,131.7,34
14.7,50.9,0.0,5.5,1.0,1.1,15.9,67.5,43
14.6,93.9,12.71,11.6,6.0,100.0,7.3,19.6,40
14.7,62.7,0.0,22.7,2.0,46.0,16.0,251.8,26
18.0,74.4,0.0,11.4,2.0,71.8,12.6,218.7,54
22.0,64.5,0.0,14.2,1.0,9.9,14.5,184.1,56
23.9,67.4,0.0,11.3,1.0,2.5,15.6,232.7,60
24.0,61.4,0.0,20.1,1.0,2.6,15.7,206.3,66
20.7,70.6,0.018,12.6,3.0,75.3,15.8,140.0,44
16.0,38.7,0.0,8.1,1.0,2.8,16.0,128.9,23
14.2,93.3,21.794,16.9,6.0,100.0,8.5,31.9,37
15.4,72.0,0.0,18.0,1.0,6.0,15.8,122.8,35
13.4,69.1,11.841,22.9,3.0,62.1,14.9,200.5,14
14.1,72.2,0.0,16.3,2.0,21.8,14.4,307.1,28
18.6,80.4,0.0,18.2,2.0,82.8,11.8,329.1,70
20.4,73.0,0.0,16.5,2.0,36.3,14.4,225.7,45
23.8,70.4,0.0,22.5,2.0,21.8,15.6,309.5,52
15.5,65.4,0.0,16.3,2.0,21.3,16.0,174.1,36
56.0,61.2,0.0,6.2,1.0,0.8,9.8,141.0,45
58.9,63.2,0.003,6.2,3.0,20.6,9.9,209.1,25
77.5,50.2,0.0,7.1,1.0,0.9,7.8,325.2,49
67.8,71.8,0.0,8.6,2.0,51.3,9.5,327.6,46
74.7,64.7,0.0,8.9,1.0,0.7,7.3,270.2,65
70.3,66.1,0.0,6.6,1.0,2.7,3.7,214.0,146
80.8,46.3,0.0,10.9,1.0,0.5,8.6,226.7,75
69.8,74.7,0.0,7.2,2.0,28.6,5.4,205.7,107
66.9,67.5,0.0,6.5,1.0,1.3,6.2,173.1,100
67.3,65.6,0.0,7.5,2.0,57.9,8.9,150.0,54
58.4,59.7,0.0,7.4,2.0,26.4,7.0,135.1,63
17.8,43.3,0.0,6.5,1.0,0.8,16.0,144.8,43
14.0,62.1,0.0,13.4,1.0,0.5,14.8,180.1,52
13.5,72.0,0.0,8.7,2.0,57.3,13.5,115.6,58
15.6,63.5,0.0,13.7,2.0,54.0,15.6,179.9,49
16.1,67.9,0.0,14.1,2.0,23.8,15.2,285.9,54
15.5,57.6,0.009,21.3,3.0,41.6,15.9,305.1,31
17.8,59.2,0.0,27.5,2.0,75.3,16.0,269.9,60
18.1,74.9,0.0,20.9,2.0,62.6,12.8,345.9,73
16.6,74.8,0.0,8.4,2.0,59.9,13.2,105.2,65
22.9,38.2,0.0,8.5,1.0,0.9,16.0,151.9,33
16.7,61.4,0.0,11.4,1.0,1.9,15.9,127.5,38
13.1,42.4,0.0,16.4,1.0,0.4,14.5,162.1,62
15.0,78.5,0.0,9.3,2.0,49.6,11.1,247.4,61
20.5,75.6,0.0,14.8,2.0,71.1,13.0,301.5,62
19.6,69.3,0.0,24.3,2.0,60.0,15.6,240.5,69
22.6,62.4,0.0,10.1,1.0,1.0,15.8,311.0,56
20.0,75.1,0.0,14.5,2.0,35.5,14.4,373.0,55
15.8,36.6,0.0,12.2,1.0,2.4,16.0,137.3,37
14.5,60.4,0.0,18.5,2.0,34.8,16.0,181.1,22
17.8,75.6,0.0,10.9,2.0,52.0,12.0,211.3,55
17.9,75.6,0.01,10.9,3.0,89.8,15.3,60.8,39
19.5,70.3,0.0,15.7,2.0,36.0,14.7,185.6,47
19.7,68.0,0.0,17.3,2.0,41.6,15.3,182.1,62
22.7,67.4,0.0,19.7,1.0,18.0,15.9,220.0,49
23.8,65.8,0.0,15.8,1.0,10.4,15.4,205.5,67
16.4,91.4,10.968,12.4,6.0,99.1,12.5,30.3,47
14.2,74.3,0.0,7.5,1.0,3.8,13.9,124.0,53
16.7,69.1,0.0,21.5,2.0,67.1,15.8,192.3,72
17.9,69.4,0.0,19.0,2.0,24.2,15.7,306.4,55
17.0,72.1,0.0,12.0,2.0,79.0,15.5,329.4,56
19.4,70.0,0.0,20.1,2.0,69.4,15.3,308.9,67
28.1,46.7,0.0,20.1,1.0,5.2,15.7,280.1,54
13.3,85.3,0.512,15.7,3.0,56.5,7.4,26.3,106
69.0,74.4,0.0,11.4,2.0,48.0,8.0,323.3,28
67.8,66.2,0.0,10.3,2.0,49.0,9.0,340.6,74
70.4,73.4,0.0,8.1,2.0,47.0,9.0,334.3,55
66.5,25.6,0.0,5.7,1.0,1.0,9.8,231.4,49
69.0,59.9,0.0,7.7,1.0,4.8,9.9,354.4,39
63.7,36.1,0.0,3.9,2.0,29.7,8.8,142.2,30
58.9,49.4,0.0,8.5,2.0,20.3,9.4,110.8,70
12.5,78.8,0.0,8.3,2.0,31.4,8.8,119.1,59
16.9,64.7,0.0,26.8,1.0,7.4,15.6,307.0,60
19.7,65.9,0.0,11.9,2.0,24.7,14.4,339.1,67
18.3,61.2,0.0,10.1,2.0,21.2,14.5,146.3,47
12.9,83.8,7.588,14.6,3.0,77.5,14.0,81.1,40
10.6,69.7,0.0,8.2,1.0,2.4,15.7,119.7,31
15.3,24.3,0.0,13.5,1.0,2.8,16.0,207.9,39
14.2,76.2,3.026,15.1,3.0,23.8,15.9,248.3,33
15.3,74.2,0.0,8.9,2.0,43.6,14.9,221.3,46
17.9,72.5,0.0,8.9,2.0,52.3,12.6,300.0,60
24.8,60.6,0.0,8.9,1.0,3.2,16.0,273.2,53
14.3,58.5,0.0,7.7,1.0,3.8,14.7,53.9,58
11.1,55.1,0.0,9.3,1.0,2.0,16.0,132.4,42
13.3,69.9,0.0,9.2,2.0,63.3,16.0,150.5,40
19.1,69.4,0.0,18.3,1.0,1.9,15.9,217.1,49
23.9,67.7,0.0,10.4,2.0,37.1,11.6,215.0,65
26.0,58.8,0.0,7.6,1.0,1.3,15.1,270.3,61
18.9,48.8,0.0,8.5,1.0,5.2,14.8,107.4,35
12.7,57.5,0.0,9.3,1.0,3.4,16.0,119.4,28
11.6,79.1,6.167,14.4,3.0,80.9,14.0,100.8,24
14.3,63.0,0.0,20.1,2.0,57.6,15.9,212.5,40
15.6,68.3,0.0,18.5,5.0,93.6,16.0,183.6,35
16.5,71.7,0.0,16.8,5.0,95.8,15.9,109.4,62
21.3,73.3,0.0,22.9,2.0,39.3,12.8,299.8,58
29.5,46.0,0.0,25.7,1.0,14.2,16.0,262.4,57
12.8,83.0,0.0,13.8,2.0,36.3,6.4,113.3,105
15.3,33.4,0.0,10.4,1.0,9.9,14.5,145.5,92
72.9,70.0,0.0,10.2,1.0,15.5,6.3,326.1,68
55.9,34.5,0.0,5.3,1.0,3.3,9.8,142.3,60
58.3,41.0,0.0,0.8,1.0,2.7,9.6,47.0,56
15.2,47.7,0.0,14.7,1.0,3.8,16.0,263.4,41
23.1,49.4,0.0,18.3,1.0,1.8,15.6,221.2,46
15.2,31.7,0.0,14.5,1.0,2.5,15.9,125.5,32
12.1,61.5,0.054,33.8,3.0,70.8,16.0,172.1,38
14.9,69.7,4.763,33.8,3.0,39.1,15.7,235.3,25
23.9,61.4,0.0,22.3,1.0,1.4,16.0,226.3,47
23.4,66.0,0.0,14.7,1.0,1.9,15.9,225.8,48
20.9,79.7,0.0,10.7,2.0,68.1,10.6,182.8,61
13.5,69.6,0.0,9.2,2.0,32.5,15.7,64.9,24
11.0,63.4,0.0,6.8,1.0,1.3,15.8,111.1,40
14.4,81.1,2.101,8.1,3.0,72.4,12.2,48.4,53
12.6,69.1,1.64,15.5,3.0,89.7,15.4,43.9,54
11.6,76.7,13.049,11.8,3.0,77.7,14.3,86.1,26
11.9,47.7,0.0,12.5,1.0,1.5,16.0,156.1,22
17.4,64.2,0.0,24.7,5.0,90.6,16.0,79.0,33
17.4,73.3,0.0,10.8,5.0,92.5,16.0,63.8,34
26.1,59.2,0.0,12.0,1.0,5.4,15.2,234.1,59
23.8,73.7,0.0,10.2,2.0,27.9,11.7,225.6,66
24.0,68.1,0.0,12.8,2.0,60.7,14.6,191.5,66
26.4,55.3,0.0,22.1,1.0,6.4,16.0,186.7,48
20.0,72.0,0.0,18.9,2.0,67.7,14.3,75.4,37
20.0,19.9,0.0,11.9,1.0,1.3,16.0,94.3,37
16.8,53.7,0.0,8.7,1.0,3.1,16.0,154.8,37
15.2,78.4,0.521,11.2,6.0,98.3,14.9,118.8,71
18.2,77.3,0.0,19.3,2.0,80.9,14.8,208.5,43
23.9,65.2,0.0,19.3,1.0,9.5,16.0,309.3,58
21.6,67.6,0.0,22.5,1.0,2.4,16.0,301.2,47
18.7,85.1,0.0,19.7,2.0,66.3,9.2,231.1,48
58.2,79.5,1.268,6.9,3.0,52.2,8.0,20.2,27
68.8,68.7,0.0,7.7,2.0,34.6,9.4,304.0,49
14.8,63.2,0.0,16.1,2.0,36.5,15.9,146.8,41
14.6,69.5,0.0,17.7,1.0,15.9,15.1,233.7,43
18.0,69.6,0.0,18.1,2.0,70.3,15.6,240.3,61
20.5,69.6,0.0,17.6,2.0,32.5,14.4,342.2,63
22.0,70.8,0.0,11.0,2.0,24.5,14.8,287.3,76
20.1,75.4,0.0,10.6,2.0,48.7,12.4,111.8,69
16.3,37.3,0.0,13.3,1.0,0.0,16.0,204.4,29
17.9,50.0,0.0,8.4,1.0,1.9,15.6,129.8,28
15.9,34.5,0.0,12.5,1.0,0.0,15.9,146.0,21
14.0,60.4,0.0,11.0,1.0,10.9,16.0,217.0,34
16.1,71.2,2.77,21.1,3.0,44.8,13.3,123.6,54
12.7,77.9,8.034,28.0,3.0,62.5,13.7,64.4,25
16.0,79.2,0.0,8.8,5.0,90.6,10.0,225.0,70
20.4,74.0,0.0,15.4,2.0,43.2,10.0,205.5,64
23.9,53.6,0.0,20.5,1.0,6.2,16.0,209.0,43
22.2,74.2,0.0,22.7,2.0,20.7,13.5,223.2,35
21.6,76.1,0.0,16.1,2.0,53.6,12.7,215.0,41
18.3,28.3,0.0,7.6,1.0,1.6,15.7,97.3,27
17.6,44.5,0.0,12.0,1.0,2.3,15.9,66.3,47
18.1,75.0,0.0,11.4,2.0,22.8,15.8,140.0,25
18.8,40.2,0.0,12.4,1.0,1.7,16.0,165.8,38
15.9,75.4,0.0,17.7,2.0,45.1,11.3,205.3,62
19.6,71.5,0.0,20.5,2.0,61.6,15.4,316.5,65
20.4,79.9,0.0,23.8,2.0,64.2,11.0,194.0,56
22.3,65.9,0.0,19.4,2.0,33.1,12.8,337.8,74
22.7,64.0,0.0,20.6,1.0,12.1,16.0,317.9,43
16.5,27.3,0.0,18.5,1.0,2.3,16.0,173.5,40
65.2,69.4,0.0,9.2,2.0,49.0,9.0,314.9,42
58.5,63.6,0.0,4.1,1.0,1.2,8.7,135.5,54
62.4,42.0,0.0,12.6,1.0,0.4,9.9,192.0,36
62.0,62.7,0.0,8.7,2.0,65.9,9.4,154.1,50
62.7,29.9,0.0,4.1,1.0,1.4,9.9,141.9,35
12.5,62.2,19.488,13.7,3.0,41.0,14.3,148.0,31
21.6,54.4,0.0,12.7,1.0,0.4,16.0,370.9,63
21.3,66.9,0.0,9.3,1.0,3.0,15.6,359.3,51
22.5,67.3,0.0,18.2,1.0,16.8,9.5,330.4,63
23.1,71.9,0.0,12.5,1.0,2.6,14.6,273.4,72
17.6,72.2,0.0,7.2,2.0,30.4,11.2,148.1,55
15.0,80.4,0.0,8.3,2.0,64.2,6.3,88.0,75
12.5,69.4,0.0,8.1,1.0,1.0,12.6,117.4,56
18.2,68.5,0.0,17.9,1.0,2.8,14.9,287.8,67
19.8,68.6,0.0,10.4,1.0,1.6,15.0,308.5,61
23.6,73.0,0.0,12.4,2.0,26.8,14.9,254.3,55
17.4,67.1,0.0,13.9,5.0,99.4,16.0,51.9,25
22.7,66.8,0.0,14.8,2.0,50.6,16.0,182.5,38
20.7,77.0,0.0,9.6,2.0,24.3,10.4,133.2,64
14.3,81.2,0.0,9.3,2.0,33.8,11.9,97.7,74
14.2,86.6,5.682,11.5,6.0,98.6,11.3,25.0,64
13.1,50.1,0.0,18.5,1.0,1.4,16.0,191.7,32
21.9,72.2,0.0,20.1,2.0,32.4,15.0,332.1,42
20.6,73.8,0.0,19.9,2.0,54.3,15.9,240.8,51
16.5,59.5,0.0,17.5,1.0,9.4,16.0,167.0,31
60.4,64.4,0.0,5.4,2.0,43.7,9.7,56.8,32
61.6,63.4,0.0,5.2,1.0,11.7,8.9,145.1,48
52.2,22.5,0.0,4.9,1.0,0.5,9.9,180.5,16
68.0,70.0,0.0,9.6,2.0,24.8,7.7,348.3,64
74.0,56.3,0.0,7.5,1.0,2.1,9.9,346.6,51
68.6,74.2,0.0,7.7,2.0,65.7,8.2,293.4,51
67.8,70.4,0.0,6.6,5.0,91.8,9.9,122.8,51
76.7,57.4,0.0,6.9,1.0,1.2,9.8,338.4,50
68.7,71.7,0.0,6.7,2.0,55.6,7.9,151.0,76
76.7,53.6,0.0,6.3,1.0,0.3,9.5,203.0,59
67.5,62.7,0.0,5.3,1.0,7.7,7.3,130.0,77
59.0,26.4,0.0,5.6,1.0,0.0,9.9,145.9,44
66.0,23.7,0.0,4.6,1.0,0.3,9.9,128.0,37
15.5,73.5,0.0,9.0,2.0,44.0,10.7,289.5,57
16.1,66.2,0.0,17.3,2.0,41.3,14.2,320.3,63
15.6,68.1,0.0,8.7,5.0,93.1,16.0,93.8,47
19.7,66.5,0.0,13.0,1.0,14.1,15.4,354.5,61
20.1,68.6,0.0,19.7,2.0,27.9,15.9,352.4,64
15.3,82.0,0.0,11.4,2.0,68.8,4.2,142.3,109
17.0,74.5,0.0,17.7,2.0,37.8,11.9,293.5,63
15.6,44.4,0.0,23.8,1.0,1.4,16.0,309.8,40
20.5,73.3,0.0,20.1,2.0,33.6,13.1,323.2,46
22.5,70.5,0.0,12.1,1.0,9.7,15.4,298.0,61
17.2,19.2,0.0,5.2,1.0,0.9,16.0,92.1,45
17.1,22.0,0.0,6.6,1.0,3.9,15.9,58.1,40
13.9,69.8,0.0,7.2,1.0,2.7,12.1,103.2,59
14.5,78.0,0.084,9.6,6.0,95.5,15.7,21.3,31
12.9,84.8,9.555,12.2,3.0,79.1,13.0,49.3,43
11.3,76.7,15.263,23.9,3.0,63.3,12.8,107.7,38
14.4,87.9,34.516,13.3,6.0,95.7,9.7,45.1,45
14.8,62.1,0.0,12.9,1.0,1.3,16.0,177.8,41
24.3,62.0,0.0,13.5,1.0,2.0,15.8,258.5,50
22.9,66.8,0.0,11.6,1.0,2.7,15.0,286.0,38
20.5,75.5,0.0,13.2,2.0,35.1,14.7,176.0,30
20.3,66.4,0.0,14.3,2.0,26.7,16.0,150.6,39
18.5,79.8,0.089,9.0,3.0,86.4,15.2,37.9,33
11.2,43.6,0.0,12.6,1.0,1.9,16.0,141.9,28
16.2,76.6,0.0,19.7,2.0,51.3,15.2,298.3,35
21.1,69.8,0.0,18.0,2.0,30.4,14.2,344.5,59
23.5,66.7,0.0,18.1,1.0,5.4,16.0,310.0,59
19.8,47.9,0.0,31.7,1.0,8.9,15.9,202.2,43
13.9,38.0,0.0,14.0,1.0,11.6,15.7,141.1,49
12.6,77.1,0.0,15.3,2.0,40.2,7.1,121.3,52
59.6,63.1,0.0,13.3,2.0,76.9,9.9,168.5,63
63.2,76.5,0.287,11.3,3.0,86.7,8.5,57.0,29
60.0,54.9,0.0,9.9,2.0,64.2,9.9,222.6,23
69.1,65.7,0.0,7.3,2.0,49.0,9.9,300.1,50
71.4,67.1,0.0,7.8,2.0,43.5,9.4,331.3,63
68.0,70.7,0.0,7.5,2.0,36.8,8.5,314.1,40
80.9,59.6,0.0,6.2,1.0,1.6,8.4,270.9,67
72.8,64.8,0.0,4.3,1.0,0.9,7.6,242.0,71
68.0,73.7,0.0,8.7,2.0,72.5,4.4,119.5,86
57.0,51.5,0.0,5.9,1.0,0.9,9.6,163.4,36
14.2,64.9,0.0,7.8,1.0,2.4,13.8,121.0,69
13.3,72.6,0.0,10.9,2.0,20.3,12.1,168.0,63
13.7,59.8,0.0,12.3,2.0,26.2,16.0,280.1,48
17.0,68.6,0.0,12.8,2.0,68.4,16.0,244.1,71
17.6,64.1,0.0,17.5,5.0,95.3,16.0,182.3,60
21.3,72.1,0.0,11.0,2.0,50.6,16.0,210.1,24
20.0,73.9,0.0,13.4,2.0,43.4,12.3,287.8,57
16.8,81.2,0.0,13.0,2.0,61.9,8.2,149.4,50
13.1,85.4,0.0,10.1,2.0,71.0,4.3,104.7,109
18.6,33.6,0.0,8.3,2.0,72.8,16.0,109.0,40
20.1,58.9,0.0,20.5,1.0,3.3,16.0,250.3,53
20.4,71.1,0.0,14.5,1.0,14.2,15.9,298.3,44
21.6,72.9,0.0,16.1,2.0,61.8,15.7,269.3,53
22.4,69.8,0.0,11.8,1.0,3.3,16.0,93.9,47
28.6,61.6,0.0,11.6,1.0,1.9,16.0,173.6,48
22.6,70.9,0.0,18.4,2.0,22.3,16.0,233.9,51
13.4,73.6,12.979,12.5,3.0,36.7,15.5,51.3,16
14.3,77.1,0.0,13.9,2.0,47.4,15.6,245.8,53
17.6,68.2,0.0,13.3,2.0,67.5,16.0,210.5,31
22.7,67.7,0.0,15.6,1.0,4.7,15.2,208.3,51
14.6,75.8,0.0,11.5,2.0,23.8,15.7,119.5,33
18.0,26.0,0.0,8.2,1.0,4.5,15.8,134.6,50
16.8,76.4,4.033,7.5,6.0,99.1,14.0,52.1,56
15.0,80.8,6.422,19.5,3.0,44.7,14.6,182.6,16
14.8,65.0,7.288,28.6,6.0,92.9,14.9,87.9,59
17.5,73.1,0.0,19.3,2.0,67.6,13.5,290.0,52
17.1,72.3,0.0,12.9,2.0,81.5,15.9,111.1,38
20.1,79.0,0.0,19.3,2.0,53.0,11.9,329.8,49
20.6,70.9,0.0,22.3,2.0,26.5,14.2,323.2,53
22.8,78.1,0.0,23.3,2.0,34.1,12.6,281.0,59
13.8,63.3,0.0,14.0,2.0,23.3,15.4,116.1,45
55.3,68.4,0.0,5.2,1.0,9.1,8.3,128.0,61
63.0,34.2,0.0,7.1,1.0,2.4,9.9,100.7,32
61.6,64.0,0.0,8.2,1.0,1.2,9.3,162.5,47
61.6,58.8,0.0,6.4,1.0,4.1,6.5,139.3,110
59.6,54.6,0.0,7.3,1.0,15.4,9.8,258.8,27
66.0,61.2,0.0,9.4,2.0,42.7,9.9,249.3,42
69.3,53.7,0.0,12.7,1.0,0.4,9.9,357.9,28
70.5,65.5,0.0,13.0,1.0,0.9,9.8,360.4,44
75.5,59.4,0.0,11.7,1.0,2.9,9.1,335.9,69
68.9,69.2,0.0,11.5,2.0,39.6,8.7,283.6,50
57.2,42.3,0.0,7.1,1.0,1.3,9.6,131.3,59
14.9,37.1,0.0,9.0,1.0,2.0,16.0,123.9,47
16.3,46.9,0.0,10.4,1.0,11.4,12.4,213.3,54
15.4,31.4,0.0,8.6,1.0,0.9,15.9,220.5,57
10.7,63.0,3.353,17.3,3.0,51.0,15.6,160.7,18
21.0,77.6,3.596,17.1,3.0,36.3,14.1,179.1,68
21.6,69.7,0.0,9.2,1.0,1.0,15.1,295.8,56
11.7,91.5,69.6,19.0,6.0,95.5,8.2,20.0,27
17.4,68.6,0.0,17.7,5.0,97.6,13.9,213.9,67
17.1,69.2,0.0,18.3,2.0,58.2,15.9,228.3,62
20.6,82.6,0.0,13.3,2.0,57.0,14.9,231.7,45
23.0,62.1,0.0,19.1,1.0,1.4,16.0,230.1,33
21.2,81.1,0.0,10.5,2.0,42.9,12.2,205.3,50
13.2,75.8,16.08,27.4,3.0,56.6,12.9,61.8,44
12.0,63.6,0.578,8.9,3.0,44.0,15.9,38.0,22
17.4,27.3,0.0,10.5,1.0,3.4,16.0,120.4,43
13.7,31.7,0.0,10.1,1.0,5.2,16.0,107.8,36
14.8,88.2,0.0,9.3,5.0,97.2,10.8,117.1,27
15.7,30.6,0.0,13.5,1.0,2.6,16.0,252.7,33
17.6,70.3,0.0,8.9,5.0,100.0,15.8,47.1,23
23.3,69.6,0.0,14.1,1.0,2.5,14.6,186.0,63
22.6,63.9,0.0,20.9,1.0,5.2,15.7,211.8,56
24.3,66.8,0.0,11.8,1.0,2.1,15.6,198.5,50
16.1,31.7,0.0,6.6,1.0,4.6,16.0,134.5,23
14.3,80.2,0.0,7.3,2.0,29.0,9.1,124.0,63
15.2,72.8,0.0,11.1,1.0,15.8,14.6,142.0,44
20.3,74.1,0.0,18.7,2.0,35.0,13.9,337.2,50
19.9,78.4,0.0,21.5,2.0,38.3,11.5,226.8,64
69.4,70.7,0.0,10.3,2.0,51.0,9.0,338.9,30
61.1,53.0,0.0,5.1,1.0,2.2,9.8,129.1,63
75.5,51.1,0.0,7.5,1.0,0.8,7.7,316.3,43
71.3,61.8,0.0,7.9,1.0,9.7,7.0,312.5,61
66.7,60.7,0.0,12.0,2.0,38.2,9.9,330.7,47
68.3,70.7,0.0,10.7,2.0,55.9,9.1,257.2,49
66.9,71.6,0.0,12.2,2.0,21.2,8.3,333.3,47
71.1,73.7,0.0,11.0,2.0,35.7,7.1,199.4,71
72.9,71.8,0.0,6.0,2.0,20.5,7.2,224.7,67
68.5,75.3,0.0,11.2,2.0,72.1,5.2,146.8,71
17.2,45.2,0.0,7.7,2.0,50.8,16.0,84.1,36
23.9,62.2,0.0,20.1,1.0,2.9,15.6,341.8,61
21.1,71.6,0.0,12.0,2.0,70.9,14.3,131.1,74
21.6,67.3,0.0,25.1,1.0,0.7,15.2,287.3,52
9.8,72.6,1.059,6.3,3.0,44.7,13.5,91.1,28
20.0,33.9,0.0,11.1,1.0,1.0,16.0,181.7,42
15.2,70.3,0.0,17.5,2.0,22.5,16.0,272.4,36
23.4,37.9,0.0,12.6,1.0,1.7,16.0,308.9,44
22.1,75.1,0.0,9.4,2.0,56.1,15.4,209.3,46
23.2,62.4,0.0,16.2,1.0,0.8,15.9,206.5,40
12.3,60.0,0.0,7.9,1.0,5.3,16.0,68.5,50
12.4,85.2,31.187,21.1,3.0,73.0,10.4,11.3,38
13.0,55.8,0.0,16.8,2.0,66.8,16.0,54.7,39
15.1,40.4,0.0,27.3,1.0,2.1,16.0,267.8,30
19.2,72.4,0.0,10.6,2.0,45.6,11.6,210.6,65
20.6,78.3,0.0,15.0,2.0,33.1,9.8,130.4,63
15.2,78.8,0.0,7.9,2.0,77.6,15.9,68.7,38
17.5,63.0,0.0,16.5,1.0,1.5,15.9,320.5,33
16.7,78.3,0.0,19.3,2.0,84.8,12.2,293.3,63
19.4,70.3,0.0,22.9,2.0,29.3,15.2,336.9,64
21.4,66.4,0.0,17.7,1.0,10.5,15.8,352.1,57
20.8,71.6,0.0,20.5,2.0,39.3,14.0,339.5,54
19.8,77.1,0.0,18.9,2.0,49.9,15.0,269.5,57
20.1,37.2,0.0,18.9,1.0,4.6,16.0,192.4,43
16.0,43.0,0.0,15.2,1.0,0.9,15.4,166.3,39
71.9,63.1,0.0,10.3,2.0,42.0,9.0,351.9,35
65.3,36.7,0.0,5.9,1.0,1.3,9.9,163.5,35
58.1,67.8,0.0,7.7,1.0,16.6,7.7,174.6,58
58.3,65.3,0.366,9.6,3.0,67.4,8.9,82.6,22
56.9,66.4,0.228,9.2,3.0,67.0,9.6,129.0,11
67.8,68.0,0.0,9.5,2.0,62.6,9.9,244.8,44
69.2,64.4,0.0,6.4,2.0,64.8,9.9,257.5,45
73.3,61.2,0.0,10.5,1.0,10.9,9.2,347.5,69
65.5,62.0,0.0,12.8,2.0,81.9,9.7,81.5,38
59.2,69.9,0.0,5.2,1.0,14.9,7.8,137.5,74
14.7,38.6,0.0,11.8,1.0,1.5,16.0,144.0,37
14.5,45.6,0.0,17.3,1.0,0.8,16.0,211.5,43
13.4,82.9,0.0,6.4,2.0,48.4,6.6,79.8,106
11.6,82.0,0.885,10.2,6.0,96.2,13.6,29.9,20
16.2,53.5,0.0,6.3,1.0,2.6,15.7,117.1,50
15.8,52.8,0.266,8.2,3.0,63.8,15.7,38.5,65
15.5,74.9,0.0,12.9,2.0,89.6,16.0,141.8,55
17.2,73.5,0.0,17.7,2.0,47.0,14.4,254.3,54
18.6,73.7,0.0,17.4,2.0,40.1,10.8,293.5,70
19.2,82.5,0.0,5.2,5.0,99.1,14.8,51.3,71
14.4,71.9,0.514,27.8,3.0,40.0,13.8,80.9,52
15.1,46.1,0.0,13.8,1.0,1.3,16.0,110.6,31
17.1,74.6,0.0,8.9,5.0,99.3,14.1,127.8,39
23.1,68.6,0.0,10.3,1.0,8.3,14.6,238.9,59
24.9,66.1,0.0,12.4,1.0,9.2,14.4,227.6,59
17.9,75.8,0.0,20.9,2.0,66.3,15.1,279.0,28
21.9,69.4,0.0,18.5,1.0,15.5,11.4,330.0,52
13.1,73.9,0.0,14.2,2.0,40.3,15.4,108.2,56
70.5,61.1,0.0,15.4,2.0,26.4,9.7,326.8,45
75.4,62.6,0.0,14.8,1.0,0.4,8.1,288.8,48
74.4,68.5,0.0,4.9,1.0,2.4,8.4,182.2,72
13.6,62.4,0.0,13.4,1.0,3.9,12.2,136.4,56
21.3,39.7,0.0,10.4,1.0,0.6,14.8,311.0,65
21.1,48.2,0.0,17.9,1.0,0.7,15.7,364.7,57
23.5,69.1,0.0,10.7,2.0,28.2,14.2,309.6,67
23.5,58.8,0.0,14.7,1.0,0.3,14.1,313.8,58
20.0,22.3,0.0,6.7,1.0,1.5,16.0,118.4,61
14.0,79.2,0.0,8.8,2.0,51.5,11.7,81.3,38
13.4,73.0,0.0,11.4,1.0,18.7,11.3,144.1,44
20.3,76.0,0.0,10.6,2.0,50.9,11.7,287.6,58
21.8,72.1,0.0,26.6,1.0,7.5,15.9,236.0,24
13.4,46.8,0.0,14.1,1.0,2.3,16.0,127.4,47
12.1,65.3,0.0,13.0,2.0,27.6,15.4,146.8,38
19.4,77.3,0.0,10.1,2.0,32.5,15.5,117.1,59
19.1,71.7,0.0,17.5,2.0,30.9,16.0,122.4,32
18.0,72.3,0.0,14.0,2.0,32.7,15.9,85.5,35
13.2,94.1,59.245,18.1,6.0,100.0,8.7,14.0,21
13.5,73.3,0.665,22.0,3.0,62.7,15.6,143.2,12
15.4,63.9,0.0,17.1,1.0,3.1,15.8,234.4,38
16.6,69.1,0.0,24.9,2.0,46.0,16.0,277.7,23
18.0,81.8,0.0,18.4,2.0,77.2,12.4,210.1,62
22.2,72.2,0.0,17.1,2.0,35.8,14.4,324.2,57
22.4,74.1,0.0,20.1,1.0,19.0,15.7,284.2,57
17.7,82.1,0.0,17.2,2.0,63.4,11.9,235.2,49
68.5,33.3,0.0,7.8,1.0,0.2,9.9,192.6,40
56.1,47.9,0.0,8.8,1.0,0.4,9.9,173.5,26
60.2,64.5,0.0,8.8,2.0,30.1,9.8,174.8,32
58.3,66.1,0.0,8.5,2.0,37.3,9.4,176.3,15
67.6,71.3,0.0,10.3,2.0,58.0,6.2,284.9,68
66.3,68.2,0.0,14.5,1.0,11.6,9.2,347.9,46
69.0,73.5,0.0,6.5,1.0,16.0,9.6,188.3,60
17.7,64.3,0.0,9.0,2.0,61.5,15.9,253.7,67
23.7,60.7,0.0,17.7,1.0,4.1,12.1,220.1,49
20.3,72.7,0.0,11.9,2.0,65.9,15.4,211.5,62
14.3,78.5,0.024,10.5,3.0,26.2,12.0,108.4,66
17.1,69.9,0.0,22.9,2.0,54.6,15.8,180.4,54
16.4,71.5,0.0,16.6,1.0,8.9,15.8,286.1,33
19.1,60.5,0.0,27.5,2.0,24.7,16.0,295.8,56
25.0,71.5,0.0,16.0,1.0,16.5,16.0,224.7,24
23.7,72.1,0.0,17.9,1.0,10.1,15.8,215.3,23
15.4,93.1,2.089,9.8,6.0,100.0,9.4,47.3,31
16.6,33.6,0.0,15.4,1.0,3.2,15.9,214.0,38
15.5,71.3,0.0,17.5,1.0,13.7,16.0,250.8,50
16.0,61.4,0.0,21.7,1.0,6.6,16.0,287.0,23
17.5,77.8,0.0,8.7,2.0,82.3,15.6,56.4,25
19.3,74.3,0.0,13.8,2.0,64.6,16.0,116.7,29
23.4,70.3,0.0,14.4,1.0,7.1,15.6,177.5,51
15.3,83.5,0.954,12.0,3.0,53.1,12.9,107.4,39
15.2,69.4,0.265,10.2,6.0,94.9,15.7,130.5,40
15.2,65.4,0.0,16.9,2.0,26.4,16.0,251.3,25
21.4,67.6,0.0,20.9,1.0,10.2,15.9,338.9,55
22.6,72.5,0.0,19.7,2.0,56.4,15.5,285.2,50
17.5,33.5,0.0,17.9,1.0,2.8,16.0,163.9,40
54.1,62.8,0.003,7.1,3.0,37.5,9.9,136.1,32
55.7,54.4,0.0,10.1,1.0,1.8,9.9,214.0,24
56.1,47.3,0.0,17.1,1.0,4.9,9.8,279.7,17
59.8,61.8,0.0,12.3,1.0,17.1,9.5,263.6,34
62.6,67.0,0.0,10.6,1.0,5.7,8.7,308.6,21
70.8,50.5,0.0,10.1,1.0,0.9,6.8,336.8,37
69.1,52.3,0.0,13.4,1.0,13.2,9.9,358.2,29
74.2,62.7,0.0,5.5,1.0,7.4,5.2,188.2,117
69.7,66.9,0.0,10.2,2.0,54.3,7.7,164.7,93
20.0,37.1,0.0,13.6,1.0,0.0,16.0,306.4,51
19.4,68.9,0.0,14.0,2.0,58.0,14.4,338.5,65
18.0,57.9,0.0,27.0,2.0,62.4,14.4,125.9,46
21.9,23.8,0.0,10.7,1.0,0.0,16.0,201.2,43
17.4,56.6,0.0,17.8,1.0,14.4,16.0,192.3,37
11.3,63.7,0.0,1.9,1.0,2.3,12.9,96.2,47
17.8,37.7,0.0,8.6,1.0,2.6,16.0,199.1,29
22.2,71.1,0.0,13.3,1.0,4.6,15.9,256.8,37
24.4,45.8,0.0,14.6,1.0,3.6,15.9,177.2,31
18.9,73.6,0.01,13.2,6.0,95.6,15.9,61.9,50
12.9,84.7,1.617,18.7,6.0,100.0,12.8,45.5,37
11.4,58.5,0.0,10.4,1.0,2.6,16.0,80.9,18
10.6,48.4,0.018,42.6,4.0,17.2,15.9,86.4,57
12.5,67.7,0.218,22.1,3.0,32.9,15.9,168.5,42
17.8,74.5,0.0,22.7,2.0,83.7,13.0,189.5,54
25.8,60.1,0.0,16.1,1.0,3.5,15.8,223.2,59
22.4,68.4,0.0,8.9,1.0,8.0,16.0,118.3,44
20.3,78.4,0.0,9.0,5.0,99.4,14.5,40.9,47
21.9,70.2,0.0,9.0,1.0,4.6,13.1,140.0,55
17.5,70.7,0.0,8.6,1.0,2.5,15.6,100.6,40
16.0,41.9,0.0,21.9,1.0,2.6,16.0,138.8,33
15.8,50.5,0.0,6.4,1.0,3.6,15.3,132.7,64
15.1,76.9,0.0,9.3,2.0,27.9,13.9,124.0,46
12.5,62.0,0.215,18.9,3.0,35.8,16.0,144.3,22
13.1,65.4,0.0,16.6,1.0,4.0,16.0,184.3,39
15.3,69.7,0.0,18.9,2.0,48.3,15.4,211.8,31
19.4,46.4,0.0,16.7,1.0,0.1,15.9,308.7,33
17.8,70.8,0.0,19.2,2.0,70.3,15.0,153.1,60
22.8,68.2,0.0,20.1,2.0,27.2,14.5,319.2,43
21.1,72.5,0.0,21.5,2.0,47.1,15.9,233.2,42
19.5,81.3,0.0,15.2,2.0,51.1,9.1,210.5,72
20.2,45.1,0.0,21.3,1.0,9.7,15.6,191.5,46
13.5,80.9,0.0,14.9,2.0,46.5,7.4,106.2,74
70.0,66.4,0.0,10.3,2.0,42.0,9.0,347.7,22
63.2,28.8,0.0,6.1,1.0,1.8,9.9,156.8,37
57.9,64.9,0.001,10.0,3.0,82.7,9.3,65.7,70
63.1,38.4,0.0,8.7,1.0,8.5,9.9,228.3,38
67.6,28.7,0.0,12.8,1.0,0.5,9.7,231.2,31
70.6,59.0,0.0,8.7,1.0,0.3,8.4,335.4,37
66.4,67.1,0.0,13.1,2.0,42.0,9.9,287.5,32
66.4,68.0,0.0,8.0,1.0,5.8,9.9,321.7,21
69.6,68.4,0.0,9.6,2.0,47.5,8.8,325.8,56
74.7,46.0,0.007,10.6,4.0,1.8,7.0,231.8,111
77.5,48.0,0.0,6.7,1.0,1.6,7.1,228.1,81
57.1,77.7,0.0,6.0,2.0,42.3,4.8,103.3,75
15.6,61.9,0.083,27.2,3.0,38.3,13.2,187.3,66
22.4,19.3,0.0,9.0,1.0,5.6,16.0,172.5,53
14.7,63.3,0.0,18.3,2.0,59.6,16.0,228.8,54
20.2,65.1,0.0,22.3,1.0,18.5,15.4,346.5,66
21.1,52.6,0.0,9.6,1.0,1.1,15.9,173.3,36
16.7,31.8,0.0,13.0,1.0,0.2,16.0,127.2,40
15.9,74.7,4.112,7.6,6.0,97.9,14.8,44.5,24
15.6,55.2,0.0,23.4,2.0,20.9,16.0,281.0,48
18.7,65.7,0.0,11.3,1.0,15.3,15.2,305.5,53
20.4,72.4,0.019,12.7,3.0,62.5,15.8,215.5,58
21.6,77.9,0.0,10.7,1.0,11.3,13.0,258.1,40
13.8,56.4,0.0,19.1,1.0,0.2,16.0,157.8,22
13.7,84.0,2.411,10.6,6.0,95.6,11.8,40.1,30
21.8,45.1,0.0,18.9,1.0,2.2,16.0,267.8,47
16.7,68.8,0.0,12.3,2.0,42.9,15.9,186.3,37
20.2,70.7,0.0,9.9,2.0,88.7,15.6,48.3,50
18.8,78.2,0.0,18.8,2.0,68.4,12.4,317.7,60
21.2,73.0,0.0,24.2,2.0,26.5,15.4,314.1,51
21.2,76.1,0.0,21.9,2.0,25.4,14.8,286.2,49
27.6,56.4,0.0,18.4,1.0,11.9,16.0,261.9,63
19.1,78.4,0.0,14.9,2.0,45.5,9.9,220.2,60
13.1,77.5,0.0,15.6,2.0,31.7,10.5,116.2,86
71.4,68.9,0.0,12.8,2.0,47.0,9.0,329.0,34
55.6,68.5,0.071,5.3,3.0,71.7,5.5,68.9,81
57.9,79.6,0.198,10.3,3.0,80.2,8.7,49.6,31
70.1,67.9,0.0,9.5,2.0,30.7,3.4,313.9,74
66.6,68.8,0.0,11.2,2.0,63.5,9.6,210.8,39
80.2,61.7,0.0,7.3,1.0,1.2,8.4,269.1,67
71.7,66.6,0.0,5.9,1.0,1.2,8.7,294.3,70
72.1,24.6,0.0,5.6,1.0,0.1,9.7,157.5,43
62.2,26.0,0.0,5.0,1.0,0.0,9.9,131.8,40
57.7,74.3,0.0,10.1,2.0,57.1,8.2,81.5,52
49.2,80.6,1.714,11.1,6.0,92.6,6.8,35.3,61
20.2,33.0,0.0,1.6,1.0,0.8,16.0,147.7,59
16.5,66.9,0.0,9.9,2.0,25.2,15.3,291.9,72
19.6,47.4,0.0,24.6,1.0,0.5,16.0,349.3,43
22.4,42.7,0.0,11.7,1.0,1.0,15.7,347.6,64
22.1,68.6,0.0,15.8,2.0,54.6,8.6,323.9,60
23.5,65.2,0.0,16.7,1.0,2.9,10.4,272.5,48
15.0,22.8,0.0,6.6,1.0,12.8,15.9,48.0,34
20.3,23.2,0.0,10.8,1.0,0.8,16.0,183.3,34
9.8,44.3,0.079,15.3,3.0,36.2,16.0,165.3,23
13.1,52.3,0.0,13.7,1.0,1.3,15.9,226.9,29
18.4,66.0,0.0,22.7,2.0,20.3,15.9,306.5,34
23.1,64.4,0.0,9.3,1.0,2.5,15.0,311.3,59
19.0,81.8,0.531,10.6,6.0,97.2,13.6,60.9,53
14.6,45.3,0.0,8.5,1.0,0.7,16.0,150.4,32
10.8,62.4,0.0,11.6,2.0,20.3,15.7,116.7,24
13.4,64.8,0.0,11.0,2.0,55.9,15.8,73.7,40
14.4,73.5,0.632,18.0,3.0,86.8,15.3,92.0,45
19.0,67.9,0.0,22.3,2.0,27.9,15.9,209.4,45
21.3,72.3,0.0,14.5,2.0,53.9,15.4,151.3,44
17.6,67.8,0.0,12.0,1.0,2.2,16.0,142.0,24
19.5,73.6,0.0,11.1,5.0,96.1,15.9,34.3,34
15.8,61.4,0.0,8.2,1.0,18.9,16.0,144.8,38
19.2,43.3,0.0,11.8,1.0,1.4,15.9,135.2,55
15.3,72.7,0.0,11.1,2.0,35.0,13.4,127.9,61
18.1,28.0,0.0,11.2,1.0,4.0,16.0,122.2,37
12.8,46.7,0.0,13.8,1.0,0.9,16.0,192.0,28
15.3,75.7,0.0,17.7,2.0,57.4,14.9,104.0,47
18.7,73.2,0.0,16.9,2.0,51.8,14.4,283.3,48
23.3,61.1,0.0,19.3,1.0,11.2,16.0,319.3,48
20.8,78.4,0.0,14.2,2.0,51.1,10.7,217.5,58
13.3,42.5,0.0,18.9,1.0,17.0,16.0,143.4,35
14.1,71.2,0.0,14.5,1.0,10.5,14.5,112.3,62
55.3,70.1,0.205,6.2,4.0,18.9,9.4,141.7,70
59.0,59.4,0.0,6.6,1.0,9.9,9.4,188.0,45
58.5,63.7,0.0,5.5,1.0,1.4,9.4,191.3,56
67.5,64.5,0.0,9.3,5.0,93.6,9.9,101.8,58
69.0,70.8,0.0,8.4,2.0,54.9,8.4,306.1,42
71.5,67.8,0.0,7.5,2.0,30.1,8.5,343.7,65
67.7,69.2,0.0,12.4,2.0,21.6,9.1,335.5,39
82.2,41.9,0.0,7.6,1.0,0.0,9.3,225.8,58
17.4,46.0,0.0,8.0,1.0,17.2,14.7,148.1,41
14.9,45.4,0.0,5.8,1.0,2.7,16.0,113.7,35
17.7,71.5,0.0,13.4,2.0,82.4,15.9,97.7,67
17.6,67.7,0.0,23.1,2.0,60.4,15.8,294.0,53
23.2,66.1,0.0,10.4,1.0,2.2,16.0,277.2,64
18.9,73.5,0.0,8.9,2.0,22.3,14.4,252.5,43
20.4,71.8,0.0,8.7,1.0,3.0,15.5,168.2,47
15.7,75.9,0.0,9.9,2.0,43.4,10.5,125.6,124
15.9,77.9,0.0,13.4,2.0,54.6,12.9,93.3,84
13.8,78.2,0.0,8.1,2.0,25.3,6.9,92.5,101
16.6,28.8,0.0,13.9,1.0,0.2,16.0,236.0,38
17.0,67.1,0.0,24.7,2.0,46.2,14.6,272.2,59
21.4,60.8,0.0,25.0,1.0,1.1,16.0,244.7,20
14.7,87.0,28.1,18.9,6.0,97.5,13.0,60.5,30
13.8,73.2,0.0,13.2,1.0,14.8,14.8,136.5,41
14.8,68.5,0.0,12.3,1.0,13.0,15.9,190.0,45
15.3,68.0,0.0,15.2,1.0,2.9,15.7,268.5,50
18.7,68.2,0.0,20.1,2.0,86.7,16.0,64.1,20
16.2,63.3,0.0,17.5,2.0,25.6,14.5,152.7,38
20.5,66.6,0.0,19.6,1.0,6.1,14.9,352.6,52
21.2,75.2,0.0,20.0,2.0,52.2,13.9,291.9,58
20.5,50.0,0.0,17.7,1.0,1.1,16.0,193.3,45
16.9,74.7,0.0,15.0,2.0,37.7,9.5,183.3,68
16.7,43.6,0.0,12.8,1.0,1.3,15.1,138.6,88
13.8,71.2,0.0,12.6,2.0,40.1,11.0,127.5,58
56.2,19.8,0.0,14.7,1.0,10.0,9.9,163.8,47
59.0,53.1,0.0,7.9,1.0,2.1,9.7,180.1,34
61.6,63.4,0.036,7.7,3.0,66.9,9.8,113.3,47
73.6,59.7,0.005,10.3,4.0,0.9,8.6,333.6,55
74.4,61.0,0.0,7.5,1.0,0.0,9.8,206.5,55
57.0,60.5,0.098,9.2,3.0,30.7,9.5,124.8,54
61.6,38.0,0.0,7.5,1.0,2.0,9.9,129.4,44
57.6,37.7,0.0,5.2,1.0,0.5,9.9,127.3,31
52.4,58.8,0.0,8.3,1.0,0.9,9.9,133.2,15
18.3,65.6,0.0,12.6,2.0,33.7,15.5,288.9,53
19.2,56.7,0.0,28.7,1.0,1.4,16.0,345.4,43
24.7,54.9,0.0,10.4,1.0,2.0,15.9,298.8,58
21.3,74.4,0.0,15.0,2.0,46.1,14.0,330.3,58
23.2,59.6,0.0,12.7,1.0,0.8,13.5,354.5,63
20.5,71.9,0.0,10.8,1.0,0.9,15.8,295.5,59
24.1,51.8,0.0,14.7,1.0,0.6,14.9,294.2,62
13.7,78.4,0.0,11.9,2.0,65.5,6.8,90.5,99
13.6,57.9,0.0,5.9,2.0,27.8,14.6,46.0,51
15.1,60.8,0.0,11.7,1.0,0.5,13.8,140.4,53
20.6,70.5,0.0,19.7,1.0,11.3,14.0,323.7,57
22.3,68.7,0.0,12.5,1.0,3.9,16.0,205.5,51
20.5,73.3,0.0,23.7,2.0,48.9,15.1,206.8,54
28.3,49.5,0.0,16.6,1.0,3.6,15.9,209.6,61
22.3,59.7,0.0,14.9,1.0,0.8,15.9,243.7,27
13.0,86.8,14.018,13.6,6.0,100.0,7.7,29.5,49
17.5,77.9,0.0,15.7,2.0,66.1,13.5,259.4,70
22.0,74.5,16.224,18.2,3.0,55.0,13.3,183.1,33
20.9,70.3,0.0,19.3,2.0,47.1,16.0,131.2,24
18.1,67.7,0.0,9.5,2.0,20.4,11.2,133.7,61
12.6,63.0,0.0,10.6,1.0,13.0,15.8,129.2,41
16.4,73.3,0.0,20.1,2.0,45.0,12.4,199.6,60
21.6,68.7,0.0,20.7,1.0,15.4,14.5,326.8,57
55.0,67.3,0.0,4.8,2.0,26.1,9.5,112.0,47
62.7,65.3,0.0,6.1,2.0,37.4,6.7,192.1,71
58.6,58.6,0.01,9.0,3.0,69.1,9.6,116.4,45
69.6,60.2,0.0,10.7,1.0,7.9,9.2,325.4,55
75.8,47.1,0.0,7.6,1.0,0.6,8.7,343.5,56
67.5,67.1,0.104,13.8,3.0,66.0,9.1,186.6,46
65.8,73.4,0.0,6.6,5.0,92.3,8.7,199.4,47
69.1,68.4,0.0,9.4,1.0,10.0,9.7,331.5,42
78.4,64.8,0.0,7.8,1.0,2.0,9.0,242.0,66
70.8,71.1,0.0,6.7,2.0,40.4,6.3,235.0,70
71.5,71.0,0.0,12.2,2.0,29.0,7.1,233.1,67
59.2,66.9,0.0,7.3,1.0,0.6,8.9,154.4,60
57.1,37.5,0.0,9.6,1.0,1.0,9.9,127.5,31
15.5,31.7,0.0,14.5,1.0,1.6,16.0,231.5,23
16.2,53.3,0.0,12.0,1.0,1.2,15.4,238.8,36
18.6,63.6,0.0,19.0,2.0,48.2,16.0,339.8,69
21.5,57.8,0.0,11.9,1.0,0.8,15.8,228.1,47
22.7,50.1,2.228,8.5,3.0,21.0,15.9,146.7,50
17.1,25.6,0.0,25.8,1.0,1.3,16.0,212.8,59
11.9,54.2,0.0,6.9,1.0,0.6,16.0,117.0,35
11.4,59.2,0.0,9.9,2.0,27.0,15.5,119.9,30
11.2,41.2,0.0,12.8,1.0,0.8,16.0,201.4,26
17.7,51.9,0.0,10.7,1.0,2.0,15.9,227.8,52
16.1,69.0,0.0,25.4,2.0,87.9,15.0,156.1,70
22.1,71.1,0.0,15.4,1.0,9.2,16.0,276.2,38
22.0,75.8,0.0,17.1,2.0,32.9,15.1,258.3,43
19.4,75.2,0.0,20.3,1.0,1.8,16.0,186.2,30
17.5,63.4,0.0,12.2,1.0,1.1,15.9,171.9,60
14.2,44.3,0.0,15.4,1.0,3.4,16.0,157.3,15
11.7,53.9,0.0,6.8,1.0,1.9,15.5,63.6,44
13.2,69.8,0.436,27.2,3.0,81.0,15.9,114.4,29
13.3,32.0,0.0,23.1,1.0,3.0,16.0,212.4,27
17.0,71.7,0.0,7.1,5.0,99.2,15.2,56.6,59
17.9,75.0,0.0,11.9,2.0,70.5,16.0,79.8,29
19.1,74.8,0.0,15.6,2.0,78.4,14.5,157.1,49
19.1,70.7,0.0,11.7,2.0,74.2,15.9,98.4,54
22.9,69.9,0.0,21.1,1.0,1.7,16.0,212.4,16
17.1,65.4,0.0,20.7,1.0,2.2,15.8,262.3,43
16.8,73.1,0.0,14.2,2.0,31.0,11.0,308.6,46
11.8,82.2,3.275,13.1,3.0,65.9,12.9,94.4,26
16.5,56.0,2.88,27.7,3.0,36.1,14.8,179.3,44
17.1,70.9,0.0,20.3,2.0,83.7,16.0,130.3,39
17.1,76.7,0.0,18.3,2.0,62.9,15.4,172.5,36
21.8,72.5,0.0,21.2,2.0,43.8,12.4,340.6,50
23.3,60.2,0.0,19.5,1.0,12.3,16.0,325.8,53
22.5,65.1,0.0,16.5,1.0,11.4,15.6,311.0,44
55.5,67.6,0.0,4.9,1.0,1.6,6.1,130.3,62
65.1,61.1,0.0,9.5,1.0,11.2,6.7,315.9,30
73.6,62.4,0.0,10.2,1.0,5.4,3.7,335.7,59
67.6,64.8,0.0,11.6,2.0,25.7,9.8,337.4,40
58.5,47.5,0.0,9.8,1.0,18.6,9.9,126.4,40
58.7,66.3,0.0,4.2,1.0,10.6,8.7,125.6,30
56.5,62.6,0.0,6.3,1.0,1.4,9.7,124.4,27
15.4,43.2,0.0,7.9,1.0,2.0,16.0,115.9,41
16.2,49.6,0.0,10.1,1.0,0.7,15.8,149.0,35
21.7,70.5,0.0,20.0,2.0,41.5,15.7,331.3,62
24.4,63.8,0.0,8.9,1.0,5.5,15.2,320.1,70
16.2,67.0,0.0,10.7,1.0,1.3,16.0,189.4,31
17.0,66.3,0.0,10.9,1.0,14.9,15.7,190.0,44
13.4,73.3,0.0,9.4,2.0,40.8,12.4,117.9,65
13.3,40.0,0.0,20.1,1.0,1.9,16.0,164.3,38
15.0,35.1,0.0,18.1,1.0,1.7,16.0,191.7,29
19.1,73.0,0.0,18.9,2.0,51.9,14.5,277.4,66
21.1,75.1,0.0,14.7,1.0,16.2,11.0,268.2,64
20.9,74.5,0.0,13.8,1.0,9.7,15.1,301.7,39
22.7,65.1,0.0,20.5,1.0,2.5,16.0,270.7,56
19.7,80.6,0.0,9.4,2.0,86.9,10.9,145.7,44
9.9,73.4,6.803,12.7,3.0,56.2,15.2,89.7,23
11.0,71.4,0.018,9.6,3.0,31.7,15.8,70.0,31
17.0,82.0,0.256,10.7,6.0,100.0,14.0,62.6,56
17.4,63.5,0.019,11.6,6.0,99.1,15.9,100.3,38
19.1,66.8,0.0,11.3,1.0,7.7,16.0,212.8,44
20.2,75.7,0.0,17.9,2.0,20.6,10.9,154.8,77
18.9,74.0,0.195,13.3,3.0,88.8,16.0,36.4,45
22.9,55.1,0.0,12.3,1.0,0.5,16.0,135.6,43
17.6,61.1,0.0,21.0,1.0,0.8,16.0,342.0,25
16.5,74.7,0.0,19.2,2.0,72.0,14.9,323.0,58
17.9,75.8,0.0,22.5,2.0,66.1,14.4,295.6,43
20.2,69.3,0.0,18.9,2.0,26.9,14.4,333.0,69
22.1,72.2,0.0,21.5,2.0,44.3,14.6,295.4,59
21.1,68.7,0.0,19.3,2.0,25.2,16.0,265.9,46
19.1,76.9,0.0,17.7,2.0,62.6,15.7,152.1,30
15.9,56.2,0.0,14.4,1.0,7.7,13.1,162.9,58
69.7,67.4,0.0,12.9,2.0,46.0,9.2,262.8,49
64.3,26.1,0.0,11.2,1.0,1.0,9.4,167.4,76
59.6,30.6,0.0,4.7,1.0,0.6,9.8,137.4,60
14.7,35.8,0.0,10.0,1.0,1.6,16.0,119.7,63
12.1,52.7,0.0,14.2,2.0,64.8,16.0,96.2,23
12.5,63.0,0.0,16.0,2.0,21.8,16.0,243.7,30
15.3,53.3,0.0,11.8,1.0,0.9,16.0,261.3,48
18.3,48.0,0.0,12.1,1.0,0.3,16.0,303.3,35
22.0,68.6,0.0,17.0,1.0,2.6,15.4,352.7,60
22.4,67.7,0.0,17.7,2.0,23.7,10.2,329.1,58
25.7,53.4,0.0,15.5,1.0,1.3,11.5,318.3,48
24.3,65.0,0.0,18.9,1.0,1.7,9.5,288.8,51
14.1,83.4,0.024,6.3,3.0,37.9,4.3,102.8,93
13.4,66.9,0.0,6.2,1.0,2.5,12.8,120.5,74
17.9,26.1,0.0,9.6,1.0,3.9,16.0,164.5,32
12.7,53.6,0.0,10.1,1.0,5.3,16.0,179.1,34
19.8,66.4,0.0,12.5,2.0,22.3,16.0,298.5,53
19.7,68.1,0.0,14.2,1.0,18.6,15.3,294.5,49
22.9,65.3,0.0,14.8,1.0,3.9,15.7,283.6,47
18.6,56.2,0.0,10.9,1.0,1.9,16.0,173.0,57
18.2,77.5,0.0,11.9,2.0,52.5,15.1,132.0,59
15.2,75.6,0.0,11.6,2.0,84.6,13.7,65.7,61
13.1,32.0,0.0,7.7,1.0,4.1,16.0,44.9,42
10.0,83.3,7.928,14.6,6.0,99.2,13.4,50.1,35
11.5,69.4,0.0,17.1,1.0,2.2,16.0,137.6,33
23.5,71.8,0.0,16.7,1.0,12.0,13.8,232.1,58
21.7,16.4,0.0,8.0,1.0,2.7,16.0,108.6,30
14.7,61.1,0.0,9.7,1.0,3.0,15.9,133.5,45
11.4,40.6,0.0,8.0,1.0,1.8,16.0,139.9,27
16.8,56.3,0.0,20.3,1.0,1.7,15.9,345.5,8
22.9,67.3,0.0,21.5,1.0,9.0,15.6,308.8,52
18.6,83.3,0.0,19.3,2.0,77.9,11.5,240.3,54
18.2,76.5,0.0,18.0,2.0,43.2,13.2,245.5,58
59.0,73.0,0.0,5.0,2.0,77.1,4.0,56.9,85
70.7,58.7,0.0,9.6,1.0,2.6,9.9,283.8,33
70.6,65.1,0.0,7.5,1.0,0.6,9.7,321.9,49
69.9,69.0,0.0,4.2,1.0,8.3,5.7,98.0,62
71.1,58.3,0.0,6.2,1.0,14.8,5.1,155.8,103
67.3,46.1,0.0,4.0,1.0,0.3,9.8,176.4,70
66.6,51.3,0.0,7.3,1.0,1.1,9.4,173.7,71
56.1,70.6,0.0,4.1,2.0,49.2,8.8,90.5,51
17.0,27.9,0.0,32.9,1.0,1.5,16.0,180.9,37
17.0,75.4,0.0,11.0,5.0,98.3,15.4,223.5,63
19.0,73.9,0.0,11.6,2.0,34.3,11.0,273.9,56
18.4,72.5,0.0,9.2,2.0,55.4,13.3,246.1,65
17.2,80.4,1.12,12.2,3.0,85.9,12.4,91.8,48
16.3,28.2,0.0,8.0,1.0,0.6,16.0,134.0,46
12.7,46.5,0.0,8.4,1.0,0.5,16.0,119.6,34
14.3,58.0,0.0,4.9,1.0,0.9,12.9,127.2,53
19.4,28.3,0.0,10.5,1.0,1.5,15.9,176.8,27
13.1,64.1,1.4,19.7,3.0,79.1,15.4,111.3,46
17.8,27.6,0.0,9.6,1.0,1.0,15.8,205.1,27
15.0,77.0,0.0,12.8,2.0,84.0,14.4,98.7,55
22.3,66.7,0.0,11.5,1.0,3.2,15.3,312.3,63
22.8,67.1,0.0,13.1,1.0,13.2,14.6,306.0,61
23.1,64.2,0.0,16.7,1.0,1.8,16.0,285.0,44
24.4,57.2,0.0,16.2,1.0,2.6,16.0,282.1,53
19.1,77.8,0.0,8.9,2.0,38.4,15.9,63.8,30
14.6,58.0,0.0,10.8,1.0,2.7,16.0,155.6,24
14.5,56.2,0.0,8.0,1.0,1.6,15.6,139.7,38
12.3,43.4,0.0,11.6,1.0,1.1,16.0,64.4,40
19.2,78.4,0.0,10.5,2.0,52.3,10.7,201.8,60
26.0,66.7,0.0,9.7,1.0,9.2,14.3,117.1,67
21.6,72.5,0.0,11.2,2.0,56.3,15.9,144.1,54
17.2,59.0,0.0,8.4,1.0,5.8,15.9,131.8,36
13.9,64.4,0.0,8.3,1.0,3.0,14.2,125.8,41
17.9,50.4,0.0,8.3,1.0,5.0,16.0,164.5,41
14.4,79.4,2.171,8.0,3.0,58.2,13.1,65.9,47
15.4,74.3,0.0,18.5,1.0,12.9,15.2,218.3,46
16.3,74.4,0.0,16.5,2.0,29.9,11.8,266.0,42
16.3,71.3,0.0,19.5,2.0,51.3,14.5,216.8,53
20.4,67.3,0.0,18.9,1.0,14.4,15.5,341.5,43
22.4,65.4,0.0,19.3,1.0,15.8,15.6,319.8,49
23.4,71.5,0.0,18.3,2.0,24.6,14.6,284.3,58
19.3,67.6,0.0,29.2,2.0,56.2,16.0,204.5,38
67.0,45.1,0.0,6.5,1.0,0.6,9.0,219.5,58
69.9,66.8,0.0,7.9,2.0,43.9,9.3,317.7,62
68.0,68.5,0.0,13.6,2.0,36.7,9.0,290.8,43
67.0,56.6,0.0,4.0,1.0,1.4,8.7,159.4,68
57.7,57.9,0.0,7.2,1.0,1.6,9.3,154.2,52
60.1,75.9,0.0,6.0,2.0,32.0,7.1,147.9,46
14.6,58.8,0.0,9.8,1.0,0.0,15.5,181.4,53
18.1,65.1,0.0,12.2,2.0,52.5,16.0,288.4,62
24.2,59.9,0.0,9.6,1.0,2.0,15.9,324.1,66
21.3,68.1,0.0,13.5,2.0,37.8,15.2,332.7,84
21.3,69.3,0.0,10.4,1.0,1.9,14.1,249.4,58
15.7,65.6,0.0,8.5,1.0,0.7,15.9,191.4,27
17.4,21.0,0.0,15.0,1.0,0.7,16.0,143.1,32
15.4,38.3,0.0,12.7,1.0,0.0,15.9,231.8,49
19.3,54.2,0.0,16.0,1.0,4.8,15.6,220.9,36
18.2,74.7,0.0,13.4,2.0,73.7,15.0,233.6,65
22.2,63.4,0.0,11.4,1.0,1.2,15.9,190.3,38
17.9,42.7,0.0,8.4,1.0,0.6,16.0,178.8,34
14.0,65.0,0.0,14.8,2.0,39.4,16.0,99.3,51
18.2,75.6,0.0,10.4,2.0,86.4,11.5,187.0,59
18.5,62.3,0.0,14.1,2.0,33.9,16.0,213.8,51
16.6,40.9,0.0,7.7,1.0,0.9,16.0,159.3,15
17.5,55.1,0.0,11.2,1.0,16.0,16.0,144.0,23
12.9,77.9,0.0,9.6,1.0,4.0,11.2,129.9,64
15.1,77.1,0.0,17.7,2.0,37.7,10.8,154.0,24
14.3,92.3,16.041,16.6,6.0,99.9,11.0,27.8,16
17.8,52.3,0.0,18.9,1.0,4.8,16.0,150.8,30
16.5,71.3,0.0,17.5,2.0,58.5,16.0,201.8,30
20.8,76.6,0.0,19.0,2.0,53.2,11.0,324.3,46
20.6,65.0,0.0,21.3,1.0,2.6,15.9,341.5,58
18.3,76.9,0.0,18.9,2.0,58.5,13.4,151.3,61
14.9,69.3,0.0,20.9,1.0,15.4,13.2,152.5,77
15.3,55.9,0.0,18.0,1.0,8.7,15.8,156.7,32
13.4,80.5,0.0,16.2,2.0,46.0,9.3,111.8,70
68.9,56.8,0.0,11.2,1.0,1.7,9.9,342.6,31
71.5,54.4,0.0,7.7,1.0,1.0,9.9,310.3,40
67.9,67.0,0.0,6.4,1.0,1.8,9.1,352.3,61
81.9,54.9,0.0,5.0,1.0,1.2,9.4,278.1,56
61.0,66.2,0.0,5.1,1.0,3.1,8.4,121.2,54
64.4,24.4,0.0,5.5,1.0,2.7,9.8,97.8,60
13.7,66.6,0.0,7.7,2.0,84.7,15.4,87.7,70
14.5,39.6,0.0,8.5,1.0,0.7,16.0,202.4,34
17.6,30.7,0.0,6.3,1.0,0.0,16.0,215.8,29
16.0,67.0,0.0,17.4,1.0,11.2,15.5,289.3,60
18.2,68.5,0.0,17.5,2.0,70.1,15.7,275.3,62
20.6,67.6,0.0,19.7,1.0,11.7,16.0,352.5,53
23.5,69.6,0.0,15.8,2.0,26.1,14.1,282.4,55
22.8,69.7,0.0,10.8,1.0,15.4,15.1,272.5,64
11.1,86.0,51.63,22.9,3.0,69.5,9.9,21.6,51
8.5,65.5,0.0,15.6,1.0,2.4,16.0,114.8,13
14.2,40.4,0.0,8.1,1.0,1.4,15.8,161.1,49
12.1,65.9,0.0,8.5,1.0,4.7,14.1,81.4,41
18.6,54.7,0.0,18.1,1.0,10.1,14.7,231.1,56
21.8,33.4,0.0,17.0,1.0,0.4,16.0,303.2,37
16.3,75.0,0.0,22.8,2.0,61.9,14.7,220.9,50
20.5,74.0,0.0,26.5,2.0,41.5,14.9,298.5,53
21.2,75.0,0.0,13.4,2.0,62.8,13.4,45.5,58
15.0,72.1,9.786,9.2,3.0,52.0,13.5,29.5,33
12.4,77.9,0.0,7.5,1.0,6.9,15.6,87.7,23
15.7,39.5,0.0,12.5,1.0,12.0,16.0,254.8,43
16.1,78.2,0.0,14.2,2.0,67.2,10.1,279.9,76
16.9,79.3,0.0,17.5,2.0,73.4,11.9,299.0,48
17.8,80.6,0.0,15.2,5.0,97.8,12.3,161.9,60
19.5,68.2,0.0,11.0,1.0,9.9,15.5,214.8,46
18.3,27.9,0.0,4.4,1.0,1.3,16.0,97.5,43
15.9,77.3,0.0,15.0,2.0,27.9,10.6,255.8,44
14.8,73.9,0.0,17.8,5.0,99.2,12.1,65.0,64
16.3,78.2,0.0,19.7,2.0,40.1,11.3,315.0,57
17.0,74.6,0.0,13.4,2.0,70.2,13.9,222.8,61
15.8,79.1,0.0,19.3,2.0,73.9,13.4,269.4,54
18.6,76.3,0.0,20.1,2.0,73.1,14.8,265.7,58
23.2,59.0,0.0,22.0,1.0,17.0,14.7,324.9,65
29.0,44.8,0.0,25.7,1.0,4.5,15.9,269.7,68
18.8,72.0,0.0,20.1,1.0,9.9,16.0,255.8,36
75.5,53.2,0.0,11.4,1.0,10.0,9.0,361.7,54
61.0,62.9,0.01,8.6,3.0,54.0,9.9,241.3,21
70.0,71.9,0.0,7.4,1.0,14.0,6.6,246.9,63
78.2,50.6,0.0,8.2,1.0,0.8,8.4,223.1,78
59.8,41.9,0.0,6.3,1.0,1.3,9.9,121.5,24
14.2,36.5,0.0,14.2,1.0,0.3,16.0,205.8,29
18.0,34.9,0.0,17.2,1.0,1.1,16.0,214.8,31
15.9,40.2,0.0,10.2,1.0,1.0,16.0,219.5,51
23.9,56.0,0.0,19.9,1.0,0.3,14.0,357.6,60
20.3,71.3,0.0,16.2,2.0,57.4,15.9,221.5,36
18.9,74.3,0.0,12.0,2.0,79.6,16.0,109.5,51
12.3,36.9,0.0,17.3,1.0,1.7,16.0,160.1,49
14.6,76.1,0.0,11.4,2.0,37.0,14.9,64.2,38
11.6,34.2,0.0,11.8,1.0,0.6,16.0,118.8,40
19.1,70.1,0.0,18.4,2.0,47.0,15.9,189.0,51
24.3,70.7,0.0,19.3,1.0,6.5,14.5,228.6,64
23.5,70.1,0.049,18.7,4.0,10.6,15.1,222.1,37
13.7,69.9,3.983,16.7,3.0,49.1,12.8,99.6,50
12.4,70.4,1.336,10.8,3.0,38.4,15.3,127.9,34
12.7,77.7,72.223,21.2,3.0,88.6,10.7,35.8,31
15.2,74.7,0.0,13.2,2.0,25.1,15.3,205.8,16
18.0,75.5,0.0,20.1,2.0,66.0,16.0,179.8,36
19.0,71.6,0.0,18.9,2.0,44.9,14.8,323.6,46
22.9,65.0,0.0,19.9,1.0,16.2,15.9,321.8,51
24.1,62.4,0.0,19.3,1.0,9.4,15.8,307.5,50
26.0,57.5,0.0,25.3,1.0,11.3,15.9,282.2,58
19.8,84.7,0.0,16.8,2.0,67.7,7.7,215.2,70
67.3,60.2,0.0,12.2,1.0,5.0,10.0,335.6,69
59.8,40.7,0.0,5.0,1.0,1.7,9.9,136.4,30
75.4,70.4,0.0,11.2,1.0,6.5,8.7,288.7,75
57.1,69.2,0.0,6.7,2.0,30.3,7.6,103.0,61
16.2,47.3,0.0,22.5,2.0,58.0,15.2,114.2,60
14.4,68.8,0.0,8.5,2.0,43.5,15.6,142.5,46
16.7,62.1,0.0,13.5,1.0,1.5,14.8,305.3,71
18.2,66.0,0.0,10.9,2.0,28.4,15.9,331.5,58
18.0,67.6,0.0,20.5,2.0,52.1,15.7,311.9,40
18.5,72.8,0.0,21.5,2.0,61.2,13.0,330.1,61
23.4,68.1,0.0,12.3,2.0,35.2,15.9,321.6,61
22.0,69.0,0.0,13.5,2.0,52.3,9.8,331.9,65
23.8,61.7,0.0,12.2,1.0,0.4,15.7,280.5,45
21.6,67.9,0.483,21.9,3.0,28.4,16.0,198.5,49
17.4,64.7,0.0,15.6,1.0,0.8,14.7,295.1,60
24.0,57.3,0.0,12.9,1.0,2.2,16.0,281.9,45
24.2,66.5,0.0,12.7,1.0,2.1,15.8,223.8,50
13.5,69.9,8.325,22.9,3.0,27.8,15.8,146.3,17
15.5,59.5,0.0,3.1,1.0,0.3,14.1,99.3,82
14.5,81.8,0.346,8.7,6.0,100.0,11.9,49.9,88
15.9,53.3,0.0,23.7,1.0,2.2,15.7,281.8,58
17.4,71.1,0.0,13.1,2.0,65.5,14.5,229.3,61
24.7,50.2,0.0,11.7,1.0,0.5,15.8,140.2,38
14.9,78.4,0.0,10.8,1.0,9.8,11.6,95.6,67
14.5,81.3,0.0,11.0,1.0,8.3,12.7,97.9,74
14.2,92.9,25.65,17.7,6.0,96.4,9.0,42.5,30
12.6,81.6,32.526,23.6,6.0,90.7,12.9,37.7,54
15.4,73.6,0.0,13.3,5.0,91.6,15.4,98.4,45
22.1,71.1,0.0,18.1,1.0,6.8,15.4,328.9,57
23.6,66.7,0.0,17.9,1.0,5.9,15.9,317.3,55
16.4,48.0,0.0,20.4,1.0,8.0,15.9,160.2,70
69.0,67.5,0.0,6.7,1.0,13.6,9.9,326.3,39
71.7,65.6,0.0,6.4,1.0,17.1,9.1,335.6,66
69.0,68.9,0.0,6.7,2.0,50.8,8.8,276.7,52
11.1,67.0,0.0,7.4,1.0,0.8,16.0,169.2,19
15.9,46.4,0.0,15.5,1.0,3.5,15.8,217.0,40
15.0,69.2,0.0,16.4,1.0,2.8,16.0,255.8,53
21.2,64.1,0.0,11.1,1.0,16.3,15.3,375.1,66
23.8,65.7,0.0,18.1,1.0,1.8,15.6,325.0,71
23.1,69.4,0.0,16.4,2.0,24.8,14.7,318.5,71
22.4,68.2,0.0,20.5,1.0,5.2,15.3,346.4,59
22.7,71.6,0.02,8.7,6.0,99.1,13.3,122.0,53
10.8,50.8,0.0,7.0,1.0,1.1,16.0,125.1,29
18.3,70.1,0.0,13.4,1.0,19.5,15.8,276.9,62
21.5,72.2,0.0,12.1,1.0,6.4,14.4,301.6,47
22.9,63.6,0.0,12.5,1.0,3.6,15.7,306.9,53
27.3,63.5,0.0,11.3,1.0,4.7,15.7,229.3,52
19.7,81.1,0.0,12.6,2.0,52.6,12.4,152.0,58
14.6,52.7,0.0,8.2,1.0,1.0,16.0,84.4,40
13.1,52.3,0.0,10.3,1.0,2.4,15.9,49.0,68
20.3,61.9,0.0,18.5,1.0,3.3,15.8,180.2,35
12.9,74.3,0.177,31.5,3.0,21.1,15.5,128.4,27
13.7,59.2,0.469,21.6,4.0,15.2,15.9,188.8,24
15.5,60.8,0.0,22.6,1.0,14.8,16.0,292.6,17
17.3,63.3,0.0,19.2,1.0,1.5,16.0,297.5,34
17.0,81.1,0.0,16.6,2.0,85.3,12.4,278.6,47
20.8,71.1,0.0,20.7,1.0,14.8,15.9,334.8,55
22.1,72.5,0.0,21.1,2.0,34.2,15.4,308.8,51
19.7,74.5,0.0,15.3,2.0,34.6,11.4,237.9,53
18.6,69.9,0.0,14.4,1.0,13.9,12.4,184.9,56
13.9,76.2,0.0,11.6,2.0,25.2,13.6,67.3,79
