date, pm25, o3, no2, so2, co
2025/3/2, 48, , 14, , 
2025/3/3, 33, , 17, , 
2025/3/4, 27, , 14, , 
2025/3/5, 21, , 13, , 
2025/3/6, 24, , 5, , 
2025/3/7, 24, , 15, , 
2025/3/8, 26, , 12, , 
2025/3/9, 26, , 8, , 
2025/3/10, 20, , 11, , 
2025/3/11, 15, , 15, , 
2025/3/12, 25, , 16, , 
2025/3/13, 20, , 13, , 
2025/3/14, 17, , 10, , 
2025/3/15, 25, , , , 
2025/2/2, 21, , 8, , 
2025/2/3, 16, , 10, , 
2025/2/4, 19, , 12, , 
2025/2/5, 28, , 7, , 
2025/2/6, 17, , 11, , 
2025/2/7, 21, , 13, , 
2025/2/8, 30, , 10, , 
2025/2/9, 28, , 12, , 
2025/2/10, 36, , 11, , 
2025/2/11, 28, , 9, , 
2025/2/12, 16, , 11, , 
2025/2/13, 18, , 19, , 
2025/2/14, 27, , 15, , 
2025/2/15, 34, , 15, , 
2025/2/16, 31, , 9, , 
2025/2/17, 20, , 12, , 
2025/2/18, 18, , 18, , 
2025/2/19, 25, , 7, , 
2025/2/20, 18, , 13, , 
2025/2/21, 18, , 19, , 
2025/2/22, 27, , 15, , 
2025/2/23, 25, , 10, , 
2025/2/24, 20, , 13, , 
2025/2/25, 29, , 7, , 
2025/2/26, 19, , 19, , 
2025/2/27, 36, , 20, , 
2025/2/28, 27, , 18, , 
2025/3/1, 38, , 18, , 
2025/1/2, 24, , 14, , 
2025/1/3, 33, , 15, , 
2025/1/4, 19, , 14, , 
2025/1/5, 29, , 14, , 
2025/1/6, 22, , 7, , 
2025/1/7, 19, , 13, , 
2025/1/8, 39, , 16, , 
2025/1/9, 30, , 14, , 
2025/1/10, 48, , 18, , 
2025/1/11, 29, , 15, , 
2025/1/12, 29, , 14, , 
2025/1/13, 46, , 14, , 
2025/1/14, 47, , 12, , 
2025/1/15, 43, , 13, , 
2025/1/16, 45, , 15, , 
2025/1/17, 44, , 14, , 
2025/1/18, 38, , 12, , 
2025/1/19, 34, , 12, , 
2025/1/20, 45, , 20, , 
2025/1/21, 43, , 22, , 
2025/1/22, 59, , 16, , 
2025/1/23, 43, , 20, , 
2025/1/24, 50, , 22, , 
2025/1/25, 45, , 24, , 
2025/1/26, 38, , , , 
2025/1/27, 50, , , , 
2025/1/28, 46, , 20, , 
2025/1/29, 57, , 21, , 
2025/1/30, 66, , 17, , 
2025/1/31, 54, , 18, , 
2025/2/1, 25, , 11, , 
2024/10/2, 35, , 5, , 
2024/10/3, 28, , 11, , 
2024/10/4, 35, , 17, , 
2024/10/5, 39, , 10, , 
2024/10/6, 32, , 10, , 
2024/10/7, 39, , 20, , 
2024/10/8, 51, , 19, , 
2024/10/9, 37, , 9, , 
2024/10/10, 26, , 7, , 
2024/10/11, 25, , 10, , 
2024/10/12, 37, , 17, , 
2024/10/13, 53, , 21, , 
2024/10/14, 54, , 14, , 
2024/10/15, 48, , 12, , 
2024/10/16, 23, , 10, , 
2024/10/17, 23, , 15, , 
2024/10/18, 27, , 12, , 
2024/10/19, 22, , 7, , 
2024/10/20, 20, , 9, , 
2024/10/21, 26, , 9, , 
2024/10/22, 20, , 13, , 
2024/10/23, 22, , 14, , 
2024/10/24, 40, , 12, , 
2024/10/25, 34, , 15, , 
2024/10/26, 32, , 12, , 
2024/10/27, 24, , 9, , 
2024/10/28, 21, , 11, , 
2024/10/29, 24, , 15, , 
2024/10/30, 36, , 13, , 
2024/10/31, 30, , 15, , 
2024/11/1, 27, , 8, , 
2024/11/2, 21, , 12, , 
2024/11/3, 28, , 13, , 
2024/11/4, 32, , 11, , 
2024/11/5, 30, , 12, , 
2024/11/6, 34, , 12, , 
2024/11/7, 28, , 17, , 
2024/11/8, 52, , 18, , 
2024/11/9, 47, , 15, , 
2024/11/10, 64, , 12, , 
2024/11/11, 52, , 8, , 
2024/11/12, 20, , 11, , 
2024/11/13, 19, , 11, , 
2024/11/14, 22, , 12, , 
2024/11/15, 19, , 15, , 
2024/11/16, 23, , 10, , 
2024/11/17, 24, , 8, , 
2024/11/18, 17, , 13, , 
2024/11/19, 15, , 8, , 
2024/11/20, 17, , 8, , 
2024/11/21, 20, , 22, , 
2024/11/22, 48, , 12, , 
2024/11/23, 18, , 15, , 
2024/11/24, 24, , 10, , 
2024/11/25, 32, , 13, , 
2024/11/26, 26, , 10, , 
2024/11/27, 30, , 14, , 
2024/11/28, 41, , 10, , 
2024/11/29, 30, , 13, , 
2024/11/30, 50, , 12, , 
2024/12/1, 49, , 13, , 
2024/12/2, 52, , 15, , 
2024/12/3, 57, , 10, , 
2024/12/4, 42, , 17, , 
2024/12/5, 71, , 17, , 
2024/12/6, 56, , 18, , 
2024/12/7, 54, , 12, , 
2024/12/8, 29, , 13, , 
2024/12/9, 24, , 16, , 
2024/12/10, 33, , 12, , 
2024/12/11, 23, , 18, , 
2024/12/12, 53, , 21, , 
2024/12/13, 48, , 15, , 
2024/12/14, 35, , 6, , 
2024/12/15, 18, , 11, , 
2024/12/16, 23, , 13, , 
2024/12/17, 19, , 11, , 
2024/12/18, 14, , 15, , 
2024/12/19, 24, , 21, , 
2024/12/20, 29, , 18, , 
2024/12/21, 33, , 16, , 
2024/12/22, 39, , 10, , 
2024/12/23, 19, , 12, , 
2024/12/24, 25, , 11, , 
2024/12/25, 25, , 6, , 
2024/12/26, 17, , 9, , 
2024/12/27, 20, , 13, , 
2024/12/28, 23, , 6, , 
2024/12/29, 17, , 13, , 
2024/12/30, 22, , , , 
2024/7/2, 16, , 8, , 
2024/7/3, 26, , 11, , 
2024/7/4, 27, , 8, , 
2024/7/5, 26, , 23, , 
2024/7/6, 72, , 13, , 
2024/7/7, 36, , 26, , 
2024/7/8, 46, , 28, , 
2024/7/9, 46, , 28, , 
2024/7/10, 54, , 18, , 
2024/7/11, 37, , 9, , 
2024/7/12, 23, , 15, , 
2024/7/13, 34, , 19, , 
2024/7/14, 38, , 19, , 
2024/7/15, 41, , 14, , 
2024/7/16, 27, , 15, , 
2024/7/17, 33, , 20, , 
2024/7/18, 42, , 12, , 
2024/7/19, 22, , 12, , 
2024/7/20, 18, , 10, , 
2024/7/21, 21, , 10, , 
2024/7/22, 24, , 8, , 
2024/7/23, 26, , 5, , 
2024/7/24, 14, , 9, , 
2024/7/25, 21, , 9, , 
2024/7/26, 19, , 7, , 
2024/7/27, 23, , 13, , 
2024/7/28, 33, , 16, , 
2024/7/29, 25, , 8, , 
2024/7/30, 20, , 6, , 
2024/7/31, 12, , 9, , 
2024/8/1, 21, , 9, , 
2024/8/2, 23, , 21, , 
2024/8/3, 42, , 18, , 
2024/8/4, 34, , 18, , 
2024/8/5, 33, , 13, , 
2024/8/6, 39, , 11, , 
2024/8/7, 30, , 15, , 
2024/8/8, 38, , 22, , 
2024/8/9, 49, , 33, , 
2024/8/10, 62, , 10, , 
2024/8/11, 44, , 6, , 
2024/8/12, 18, , 9, , 
2024/8/13, 21, , 14, , 
2024/8/14, 24, , 18, , 
2024/8/15, 42, , 8, , 
2024/8/16, 23, , 12, , 
2024/8/17, 23, , 9, , 
2024/8/18, 36, , 7, , 
2024/8/19, 29, , 14, , 
2024/8/20, 27, , 11, , 
2024/8/21, 23, , 13, , 
2024/8/22, 21, , 17, , 
2024/8/23, 33, , 20, , 
2024/8/24, 37, , 8, , 
2024/8/25, 25, , 10, , 
2024/8/26, 27, , 19, , 
2024/8/27, 39, , 4, , 
2024/8/28, 26, , 3, , 
2024/8/29, 29, , 11, , 
2024/8/30, 33, , 13, , 
2024/8/31, 41, , 14, , 
2024/9/1, 40, , 36, , 
2024/9/2, 56, , , , 
2024/9/3, 21, , 10, , 
2024/9/4, 21, , 11, , 
2024/9/5, 35, , 22, , 
2024/9/6, 48, , 43, , 
2024/9/7, 62, , 21, , 
2024/9/8, 59, , 29, , 
2024/9/9, 45, , 16, , 
2024/9/10, 30, , 14, , 
2024/9/11, 32, , 13, , 
2024/9/12, 27, , 14, , 
2024/9/13, 30, , 12, , 
2024/9/14, 33, , 11, , 
2024/9/15, 30, , 5, , 
2024/9/16, 23, , 11, , 
2024/9/17, 30, , 15, , 
2024/9/18, 29, , 13, , 
2024/9/19, 24, , 19, , 
2024/9/20, 41, , 11, , 
2024/9/21, 32, , 16, , 
2024/9/22, 46, , 13, , 
2024/9/23, 45, , 16, , 
2024/9/24, 23, , 15, , 
2024/9/25, 38, , 14, , 
2024/9/26, 31, , 12, , 
2024/9/27, 26, , 10, , 
2024/9/28, 25, , 7, , 
2024/9/29, 34, , 9, , 
2024/9/30, 30, , 8, , 
2024/10/1, 24, , 13, , 
2024/4/2, 34, , 13, , 
2024/4/3, 25, , 11, , 
2024/4/4, 12, , 8, , 
2024/4/5, 14, , 16, , 
2024/4/6, 32, , 7, , 
2024/4/7, 18, , 9, , 
2024/4/8, 21, , 12, , 
2024/4/9, 21, , 9, , 
2024/4/10, 16, , 10, , 
2024/4/11, 22, , 13, , 
2024/4/12, 29, , 11, , 
2024/4/13, 22, , 8, , 
2024/4/14, 22, , 14, , 
2024/4/15, 35, , 6, , 
2024/4/16, 24, , 9, , 
2024/4/17, 17, , 13, , 
2024/4/18, 23, , 11, , 
2024/4/19, 18, , 8, , 
2024/4/20, 22, , 12, , 
2024/4/21, 22, , 8, , 
2024/4/22, 22, , 7, , 
2024/4/23, 18, , 13, , 
2024/4/24, 26, , 11, , 
2024/4/25, 26, , 10, , 
2024/4/26, 21, , 11, , 
2024/4/27, 14, , 7, , 
2024/4/28, 14, , 7, , 
2024/4/29, 18, , 11, , 
2024/4/30, 20, , 12, , 
2024/5/1, 16, , 14, , 
2024/5/2, 21, , 11, , 
2024/5/3, 21, , 16, , 
2024/5/4, 28, , 11, , 
2024/5/5, 26, , 6, , 
2024/5/6, 13, , 9, , 
2024/5/7, 15, , 9, , 
2024/5/8, 17, , 7, , 
2024/5/9, 15, , 7, , 
2024/5/10, 22, , 19, , 
2024/5/11, 36, , 27, , 
2024/5/12, 51, , 11, , 
2024/5/13, 37, , 8, , 
2024/5/14, 22, , 7, , 
2024/5/15, 16, , 12, , 
2024/5/16, 29, , 8, , 
2024/5/17, 16, , 8, , 
2024/5/18, 25, , 6, , 
2024/5/19, 23, , 9, , 
2024/5/20, 25, , 13, , 
2024/5/21, 30, , 12, , 
2024/5/22, 22, , 12, , 
2024/5/23, 27, , 9, , 
2024/5/24, 29, , 12, , 
2024/5/25, 25, , 7, , 
2024/5/26, 18, , 6, , 
2024/5/27, 17, , 7, , 
2024/5/28, 19, , 11, , 
2024/5/29, 24, , 8, , 
2024/5/30, 19, , 9, , 
2024/5/31, 22, , 10, , 
2024/6/1, 18, , 8, , 
2024/6/2, 20, , 7, , 
2024/6/3, 14, , 6, , 
2024/6/4, 24, , 8, , 
2024/6/5, 21, , 10, , 
2024/6/6, 34, , 8, , 
2024/6/7, 27, , 8, , 
2024/6/8, 24, , 25, , 
2024/6/9, 42, , 12, , 
2024/6/11, 26, , 16, , 
2024/6/12, 25, , 7, , 
2024/6/13, 18, , 8, , 
2024/6/19, 19, , 8, , 
2024/6/20, 22, , 10, , 
2024/6/21, 27, , 19, , 
2024/6/22, 37, , 10, , 
2024/6/23, 25, , 8, , 
2024/6/24, 13, , 9, , 
2024/6/25, 17, , 10, , 
2024/6/26, 16, , 11, , 
2024/6/27, 22, , 8, , 
2024/6/28, 14, , 9, , 
2024/6/29, 15, , 15, , 
2024/6/30, 21, , 16, , 
2024/7/1, 17, , 10, , 
2024/1/2, 67, , 19, , 
2024/1/3, 59, , 14, , 
2024/1/4, 22, , 15, , 
2024/1/5, 16, , 14, , 
2024/1/6, 20, , 9, , 
2024/1/7, 8, , 18, , 
2024/1/8, 32, , 10, , 
2024/1/9, 16, , 11, , 
2024/1/10, 13, , 13, , 
2024/1/11, 22, , 14, , 
2024/1/12, 21, , 6, , 
2024/1/13, 11, , 14, , 
2024/1/14, 20, , 12, , 
2024/1/15, 26, , 16, , 
2024/1/16, 25, , 24, , 
2024/1/17, 30, , 15, , 
2024/1/18, 22, , 20, , 
2024/1/19, 27, , 28, , 
2024/1/20, 25, , 21, , 
2024/1/21, 42, , 11, , 
2024/1/22, 19, , , , 
2024/1/23, 17, , 15, , 
2024/1/24, 15, , 20, , 
2024/1/25, 19, , 14, , 
2024/1/26, 17, , 11, , 
2024/1/27, 22, , 9, , 
2024/1/28, 9, , 5, , 
2024/1/29, 9, , , , 
2024/1/30, 33, , 18, , 
2024/1/31, 32, , 21, , 
2024/2/1, 31, , 12, , 
2024/2/2, 23, , 13, , 
2024/2/3, 20, , 16, , 
2024/2/4, 40, , 7, , 
2024/2/5, 20, , , , 
2024/2/6, 12, , 16, , 
2024/2/7, 19, , 13, , 
2024/2/8, 20, , 17, , 
2024/2/9, 38, , 19, , 
2024/2/10, 14, , 16, , 
2024/2/11, 22, , 18, , 
2024/2/12, 21, , , , 
2024/2/13, 15, , 9, , 
2024/2/14, 13, , 14, , 
2024/2/15, 16, , 13, , 
2024/2/16, 14, , 15, , 
2024/2/17, 20, , 19, , 
2024/2/18, 38, , 7, , 
2024/2/19, 16, , , , 
2024/2/20, 29, , 15, , 
2024/2/21, 31, , 7, , 
2024/2/22, 13, , 21, , 
2024/2/23, 22, , 23, , 
2024/2/24, 33, , 11, , 
2024/2/25, 28, , 6, , 
2024/2/26, 12, , , , 
2024/2/27, 12, , , , 
2024/2/28, 18, , , , 
2024/2/29, 12, , 13, , 
2024/3/1, 9, , 12, , 
2024/3/2, 11, , 10, , 
2024/3/3, 15, , 7, , 
2024/3/4, 13, , 12, , 
2024/3/5, 19, , 8, , 
2024/3/6, 17, , 17, , 
2024/3/7, 28, , 20, , 
2024/3/8, 30, , 25, , 
2024/3/9, 32, , 19, , 
2024/3/10, 31, , 8, , 
2024/3/11, 9, , 10, , 
2024/3/12, 9, , 11, , 
2024/3/13, 17, , 15, , 
2024/3/14, 22, , 14, , 
2024/3/15, 22, , 12, , 
2024/3/16, 20, , 18, , 
2024/3/17, 26, , 19, , 
2024/3/18, 45, , 16, , 
2024/3/19, 30, , 19, , 
2024/3/20, 41, , , , 
2024/3/21, 27, , 15, , 
2024/3/22, 22, , 11, , 
2024/3/23, 18, , 12, , 
2024/3/24, 23, , 8, , 
2024/3/25, 21, , 11, , 
2024/3/26, 20, , 14, , 
2024/3/27, 16, , 10, , 
2024/3/28, 16, , 12, , 
2024/3/29, 14, , 14, , 
2024/3/30, 22, , 7, , 
2024/3/31, 17, , 10, , 
2024/4/1, 24, , 20, , 
2023/10/2, 47, , 13, , 
2023/10/3, 32, , 11, , 
2023/10/4, 18, , 14, , 
2023/10/5, 36, , 6, , 
2023/10/6, 22, , 10, , 
2023/10/7, 25, , 21, , 
2023/10/8, 49, , 12, , 
2023/10/9, 38, , 16, , 
2023/10/10, 35, , 11, , 
2023/10/11, 22, , 8, , 
2023/10/12, 15, , 14, , 
2023/10/13, 27, , 17, , 
2023/10/14, 38, , 12, , 
2023/10/15, 27, , 12, , 
2023/10/16, 25, , 15, , 
2023/10/17, 37, , 15, , 
2023/10/18, 23, , 12, , 
2023/10/19, 22, , 13, , 
2023/10/20, 28, , 8, , 
2023/10/21, 23, , 6, , 
2023/10/22, 29, , 7, , 
2023/10/23, 33, , 14, , 
2023/10/24, 43, , 10, , 
2023/10/25, 30, , 7, , 
2023/10/26, 23, , 13, , 
2023/10/27, 35, , 10, , 
2023/10/28, 27, , 11, , 
2023/10/29, 34, , 12, , 
2023/10/30, 39, , 15, , 
2023/10/31, 37, , 19, , 
2023/11/1, 59, , 20, , 
2023/11/2, 66, , 11, , 
2023/11/3, 23, , 15, , 
2023/11/4, 32, , 8, , 
2023/11/5, 24, , 8, , 
2023/11/6, 23, , 15, , 
2023/11/7, 27, , 14, , 
2023/11/8, 19, , 18, , 
2023/11/9, 36, , 16, , 
2023/11/10, 43, , 13, , 
2023/11/11, 34, , 9, , 
2023/11/12, 19, , 14, , 
2023/11/13, 25, , 10, , 
2023/11/14, 14, , 11, , 
2023/11/15, 18, , 14, , 
2023/11/16, 38, , 12, , 
2023/11/17, 34, , 18, , 
2023/11/18, 40, , 18, , 
2023/11/19, 63, , 10, , 
2023/11/20, 21, , 12, , 
2023/11/21, 16, , 20, , 
2023/11/22, 48, , 10, , 
2023/11/23, 25, , 7, , 
2023/11/24, 26, , 9, , 
2023/11/25, 33, , 11, , 
2023/11/26, 44, , 14, , 
2023/11/27, 51, , 17, , 
2023/11/28, 62, , 22, , 
2023/11/29, 72, , 18, , 
2023/11/30, 72, , 17, , 
2023/12/1, 57, , 12, , 
2023/12/2, 25, , 10, , 
2023/12/3, 25, , 13, , 
2023/12/4, 25, , 17, , 
2023/12/5, 34, , 22, , 
2023/12/6, 21, , 22, , 
2023/12/7, 31, , 15, , 
2023/12/8, 16, , 20, , 
2023/12/9, 27, , 17, , 
2023/12/10, 28, , 11, , 
2023/12/11, 17, , 10, , 
2023/12/12, 13, , 11, , 
2023/12/13, 27, , 19, , 
2023/12/14, 47, , 15, , 
2023/12/15, 25, , 16, , 
2023/12/16, 42, , 15, , 
2023/12/17, 46, , 14, , 
2023/12/18, 49, , 12, , 
2023/12/19, 57, , 15, , 
2023/12/20, 32, , 14, , 
2023/12/21, 32, , 14, , 
2023/12/22, 48, , 12, , 
2023/12/23, 27, , 17, , 
2023/12/24, 37, , 16, , 
2023/12/25, 37, , 5, , 
2023/12/26, 12, , 9, , 
2023/12/27, 14, , 13, , 
2023/12/28, 17, , 13, , 
2023/12/29, 17, , 20, , 
2023/12/30, 31, , 15, , 
2023/12/31, 30, , 10, , 
2024/1/1, 28, , 14, , 
2023/7/2, 25, , 6, , 
2023/7/3, 21, , 12, , 
2023/7/4, 28, , 12, , 
2023/7/5, 45, , 20, , 
2023/7/6, 95, , 24, , 
2023/7/7, 62, , 10, , 
2023/7/8, 33, , 11, , 
2023/7/9, 20, , 17, , 
2023/7/10, 31, , 11, , 
2023/7/11, 20, , 13, , 
2023/7/12, 19, , 14, , 
2023/7/13, 30, , 17, , 
2023/7/14, 26, , 12, , 
2023/7/15, 28, , 13, , 
2023/7/16, 31, , 8, , 
2023/7/17, 27, , 6, , 
2023/7/18, 20, , 6, , 
2023/7/19, 18, , 12, , 
2023/7/20, 26, , 18, , 
2023/7/21, 27, , 5, , 
2023/7/22, 31, , 9, , 
2023/7/23, 25, , 10, , 
2023/7/24, 23, , 11, , 
2023/7/25, 28, , 9, , 
2023/7/26, 24, , 2, , 
2023/7/27, 16, , 17, , 
2023/7/28, 25, , 11, , 
2023/7/29, 36, , 7, , 
2023/7/30, 30, , 10, , 
2023/7/31, 27, , 8, , 
2023/8/1, 24, , 3, , 
2023/8/2, 17, , 10, , 
2023/8/3, 25, , 9, , 
2023/8/4, 22, , 10, , 
2023/8/5, 20, , 14, , 
2023/8/6, 33, , 14, , 
2023/8/7, 39, , 13, , 
2023/8/8, 34, , 15, , 
2023/8/9, 26, , 10, , 
2023/8/10, 24, , 9, , 
2023/8/11, 21, , 9, , 
2023/8/12, 17, , 5, , 
2023/8/13, 15, , 7, , 
2023/8/14, 26, , 11, , 
2023/8/15, 33, , 20, , 
2023/8/16, 38, , 26, , 
2023/8/17, 42, , 25, , 
2023/8/18, 40, , 13, , 
2023/8/19, 39, , 13, , 
2023/8/20, 41, , 13, , 
2023/8/21, 97, , 18, , 
2023/8/22, 87, , 10, , 
2023/8/23, 21, , 11, , 
2023/8/24, 26, , 8, , 
2023/8/25, 35, , 19, , 
2023/8/26, 62, , 24, , 
2023/8/27, 99, , 32, , 
2023/8/28, 88, , 15, , 
2023/8/29, 61, , 11, , 
2023/8/30, 40, , 14, , 
2023/8/31, 27, , 11, , 
2023/9/1, 30, , 6, , 
2023/9/2, 31, , 19, , 
2023/9/3, 51, , 12, , 
2023/9/4, 39, , 7, , 
2023/9/5, 25, , 17, , 
2023/9/6, 35, , 19, , 
2023/9/7, 31, , 21, , 
2023/9/8, 29, , 20, , 
2023/9/9, 30, , 14, , 
2023/9/10, 25, , 21, , 
2023/9/11, 37, , 13, , 
2023/9/12, 18, , 17, , 
2023/9/13, 21, , 12, , 
2023/9/14, 24, , 11, , 
2023/9/15, 21, , 27, , 
2023/9/16, 47, , 16, , 
2023/9/17, 35, , 7, , 
2023/9/18, 27, , 5, , 
2023/9/19, 21, , 7, , 
2023/9/20, 22, , 8, , 
2023/9/21, 14, , 10, , 
2023/9/22, 26, , 20, , 
2023/9/23, 51, , 14, , 
2023/9/24, 37, , 14, , 
2023/9/25, 32, , 12, , 
2023/9/26, 34, , 12, , 
2023/9/27, 15, , 10, , 
2023/9/28, 20, , 11, , 
2023/9/29, 20, , 7, , 
2023/9/30, 30, , 7, , 
2023/10/1, 35, , 11, , 
2023/4/2, 17, , 6, , 
2023/4/3, 13, , 17, , 
2023/4/4, 25, , 17, , 
2023/4/5, 27, , 15, , 
2023/4/6, 23, , 12, , 
2023/4/7, 21, , 10, , 
2023/4/8, 13, , 6, , 
2023/4/9, 19, , 7, , 
2023/4/10, 20, , 20, , 
2023/4/11, 26, , 11, , 
2023/4/12, 20, , 8, , 
2023/4/13, 20, , 12, , 
2023/4/14, 22, , 18, , 
2023/4/15, 27, , 12, , 
2023/4/16, 31, , 9, , 
2023/4/17, 33, , 11, , 
2023/4/18, 17, , 11, , 
2023/4/19, 18, , 11, , 
2023/4/20, 20, , 12, , 
2023/4/21, 27, , 15, , 
2023/4/22, 34, , 11, , 
2023/4/23, 31, , 8, , 
2023/4/24, 34, , 15, , 
2023/4/25, 25, , 12, , 
2023/4/26, 22, , 15, , 
2023/4/27, 28, , 8, , 
2023/4/28, 26, , 16, , 
2023/4/29, 32, , 16, , 
2023/4/30, 44, , 10, , 
2023/5/1, 27, , 14, , 
2023/5/2, 33, , 11, , 
2023/5/3, 28, , 17, , 
2023/5/4, 42, , 13, , 
2023/5/5, 23, , 12, , 
2023/5/6, 21, , 13, , 
2023/5/7, 29, , 11, , 
2023/5/8, 25, , 8, , 
2023/5/9, 20, , 12, , 
2023/5/10, 28, , 10, , 
2023/5/11, 29, , 7, , 
2023/5/12, 24, , 18, , 
2023/5/13, 32, , 11, , 
2023/5/14, 37, , 20, , 
2023/5/15, 40, , , , 
2023/5/16, 45, , 19, , 
2023/5/17, 39, , 23, , 
2023/5/18, 44, , 25, , 
2023/5/19, 48, , 17, , 
2023/5/20, 36, , 12, , 
2023/5/21, 29, , 6, , 
2023/5/22, 21, , , , 
2023/5/23, 34, , 15, , 
2023/5/24, 36, , 9, , 
2023/5/25, 37, , 11, , 
2023/5/26, 39, , 21, , 
2023/5/27, 44, , 9, , 
2023/5/28, 40, , 9, , 
2023/5/29, 42, , 16, , 
2023/5/30, 49, , 14, , 
2023/5/31, 38, , 8, , 
2023/6/1, 31, , 8, , 
2023/6/2, 24, , 11, , 
2023/6/3, 30, , 12, , 
2023/6/4, 28, , 3, , 
2023/6/5, 20, , 6, , 
2023/6/6, 18, , 9, , 
2023/6/7, 30, , 22, , 
2023/6/8, 40, , 12, , 
2023/6/9, 47, , 12, , 
2023/6/10, 33, , 10, , 
2023/6/11, 27, , 7, , 
2023/6/12, 33, , 17, , 
2023/6/13, 44, , 17, , 
2023/6/14, 40, , 9, , 
2023/6/15, 39, , 13, , 
2023/6/16, 45, , 13, , 
2023/6/17, 32, , 9, , 
2023/6/18, 29, , 6, , 
2023/6/19, 20, , 9, , 
2023/6/20, 25, , 12, , 
2023/6/21, 34, , 10, , 
2023/6/27, 37, , 12, , 
2023/6/28, 27, , 13, , 
2023/6/29, 25, , 11, , 
2023/6/30, 24, , 7, , 
2023/7/1, 19, , 8, , 
2023/1/3, 40, , 17, , 
2023/1/4, 29, , 13, , 
2023/1/5, 22, , 11, , 
2023/1/6, 20, , 15, , 
2023/1/7, 25, , 17, , 
2023/1/8, 34, , 18, , 
2023/1/9, 42, , 12, , 
2023/1/10, 16, , 11, , 
2023/1/11, 18, , 14, , 
2023/1/12, 19, , 13, , 
2023/1/13, 22, , 17, , 
2023/1/14, 30, , 8, , 
2023/1/15, 18, , 14, , 
2023/1/16, 24, , 13, , 
2023/1/17, 22, , 16, , 
2023/1/18, 30, , 15, , 
2023/1/19, 27, , 17, , 
2023/1/20, 33, , 16, , 
2023/1/21, 45, , 15, , 
2023/1/22, 42, , 13, , 
2023/1/23, 32, , 19, , 
2023/1/24, 48, , 18, , 
2023/1/25, 42, , 14, , 
2023/1/26, 36, , 12, , 
2023/1/27, 43, , 10, , 
2023/1/28, 21, , 8, , 
2023/1/29, 29, , 9, , 
2023/1/30, 26, , 22, , 
2023/1/31, 40, , 23, , 
2023/2/1, 51, , 25, , 
2023/2/2, 48, , 26, , 
2023/2/3, 51, , 18, , 
2023/2/4, 40, , 7, , 
2023/2/5, 15, , 17, , 
2023/2/6, 32, , 11, , 
2023/2/7, 27, , 13, , 
2023/2/8, 22, , 18, , 
2023/2/9, 29, , 20, , 
2023/2/10, 35, , 13, , 
2023/2/11, 32, , 7, , 
2023/2/12, 31, , 14, , 
2023/2/13, 48, , 11, , 
2023/2/14, 26, , 12, , 
2023/2/15, 26, , 20, , 
2023/2/16, 42, , 19, , 
2023/2/17, 35, , 18, , 
2023/2/18, 41, , 12, , 
2023/2/19, 23, , 11, , 
2023/2/20, 38, , 10, , 
2023/2/21, 22, , 11, , 
2023/2/22, 22, , 7, , 
2023/2/23, 24, , 3, , 
2023/2/24, 22, , 8, , 
2023/2/25, 20, , 17, , 
2023/2/26, 41, , 10, , 
2023/2/27, 24, , 16, , 
2023/2/28, 22, , 17, , 
2023/3/1, 33, , 16, , 
2023/3/2, 42, , 12, , 
2023/3/3, 23, , 13, , 
2023/3/4, 25, , 7, , 
2023/3/5, 18, , 17, , 
2023/3/6, 33, , 15, , 
2023/3/7, 28, , 18, , 
2023/3/8, 22, , 21, , 
2023/3/9, 36, , 16, , 
2023/3/10, 27, , 12, , 
2023/3/11, 20, , 11, , 
2023/3/12, 22, , 19, , 
2023/3/13, 35, , 15, , 
2023/3/14, 21, , 17, , 
2023/3/15, 21, , 13, , 
2023/3/16, 23, , 12, , 
2023/3/17, 24, , 30, , 
2023/3/18, 48, , 27, , 
2023/3/19, 55, , 25, , 
2023/3/20, 52, , 14, , 
2023/3/21, 32, , 11, , 
2023/3/22, 22, , 18, , 
2023/3/23, 42, , 12, , 
2023/3/24, 17, , 14, , 
2023/3/25, 22, , 9, , 
2023/3/26, 23, , 7, , 
2023/3/27, 23, , 7, , 
2023/3/28, 20, , 5, , 
2023/3/29, 17, , 19, , 
2023/3/30, 30, , 14, , 
2023/3/31, 34, , 13, , 
2023/4/1, 23, , 8, , 
2022/10/2, 46, , 20, , 
2022/10/3, 61, , 34, , 
2022/10/4, 79, , 24, , 
2022/10/5, 55, , 18, , 
2022/10/6, 55, , 17, , 
2022/10/7, 75, , 29, , 
2022/10/8, 81, , 28, , 
2022/10/9, 86, , 30, , 
2022/10/10, 83, , , , 
2022/10/11, 84, , 17, , 
2022/10/12, 34, , 15, , 
2022/10/13, 60, , 26, , 
2022/10/14, 79, , 26, , 
2022/10/15, 88, , 21, , 
2022/10/16, 117, , 30, , 
2022/10/17, 98, , , , 
2022/10/18, 66, , 24, , 
2022/10/19, 85, , 34, , 
2022/10/20, 156, , 33, , 
2022/10/21, 190, , 15, , 
2022/10/22, 39, , 11, , 
2022/10/23, 21, , 13, , 
2022/10/24, 35, , 14, , 
2022/10/25, 24, , 13, , 
2022/10/26, 19, , 13, , 
2022/10/27, 25, , 11, , 
2022/10/28, 29, , 16, , 
2022/10/29, 32, , 13, , 
2022/10/30, 42, , 10, , 
2022/10/31, 32, , , , 
2022/11/1, 21, , 8, , 
2022/11/2, 21, , 18, , 
2022/11/3, 30, , 15, , 
2022/11/4, 37, , 10, , 
2022/11/5, 20, , 9, , 
2022/11/6, 23, , 8, , 
2022/11/7, 20, , 14, , 
2022/11/8, 22, , 6, , 
2022/11/9, 24, , 12, , 
2022/11/10, 42, , 17, , 
2022/11/11, 55, , 17, , 
2022/11/12, 41, , 14, , 
2022/11/13, 56, , 12, , 
2022/11/14, 60, , 10, , 
2022/11/15, 48, , 16, , 
2022/11/16, 43, , 17, , 
2022/11/17, 54, , 14, , 
2022/11/18, 38, , 16, , 
2022/11/19, 29, , 21, , 
2022/11/20, 54, , 24, , 
2022/11/21, 74, , 22, , 
2022/11/22, 67, , 21, , 
2022/11/23, 50, , 20, , 
2022/11/24, 28, , 14, , 
2022/11/25, 36, , 11, , 
2022/11/26, 25, , 15, , 
2022/11/27, 26, , 8, , 
2022/11/28, 14, , 12, , 
2022/11/29, 21, , 9, , 
2022/11/30, 19, , 12, , 
2022/12/1, 20, , 15, , 
2022/12/2, 25, , 15, , 
2022/12/3, 21, , 8, , 
2022/12/4, 19, , 9, , 
2022/12/5, 21, , 19, , 
2022/12/6, 34, , 15, , 
2022/12/7, 28, , 18, , 
2022/12/8, 17, , 9, , 
2022/12/9, 13, , , , 
2022/12/10, 21, , , , 
2022/12/11, 18, , , , 
2022/12/12, 19, , , , 
2022/12/13, 15, , 14, , 
2022/12/14, 26, , 11, , 
2022/12/15, 24, , 12, , 
2022/12/16, 28, , 15, , 
2022/12/23, 21, , 10, , 
2022/12/24, 25, , 14, , 
2022/12/25, 22, , 10, , 
2022/12/26, 25, , 9, , 
2022/12/27, 26, , 11, , 
2022/12/28, 21, , 12, , 
2022/12/29, 29, , 16, , 
2022/12/30, 28, , 11, , 
2022/12/31, 30, , 11, , 
2023/1/1, 32, , 15, , 
2023/1/2, 47, , 16, , 
2022/7/2, 32, , 6, , 
2022/7/3, 26, , 5, , 
2022/7/4, 25, , 8, , 
2022/7/5, 25, , 13, , 
2022/7/6, 45, , 17, , 
2022/7/7, 39, , 13, , 
2022/7/8, 22, , 12, , 
2022/7/9, 22, , 8, , 
2022/7/10, 18, , 7, , 
2022/7/11, 19, , 9, , 
2022/7/12, 17, , 8, , 
2022/7/13, 23, , 7, , 
2022/7/14, 24, , 10, , 
2022/7/15, 27, , 11, , 
2022/7/16, 25, , 7, , 
2022/7/17, 12, , 6, , 
2022/7/18, 12, , 11, , 
2022/7/19, 28, , 9, , 
2022/7/20, 22, , 14, , 
2022/7/21, 30, , 19, , 
2022/7/22, 35, , 11, , 
2022/7/23, 20, , 11, , 
2022/7/24, 26, , 16, , 
2022/7/25, 35, , 16, , 
2022/7/26, 40, , 27, , 
2022/7/27, 51, , 26, , 
2022/7/28, 51, , 21, , 
2022/7/29, 44, , 26, , 
2022/7/30, 48, , 26, , 
2022/7/31, 54, , 25, , 
2022/8/1, 52, , 14, , 
2022/8/2, 30, , 12, , 
2022/8/3, 24, , 13, , 
2022/8/4, 26, , 7, , 
2022/8/5, 15, , 7, , 
2022/8/12, 28, , 16, , 
2022/8/13, 36, , 8, , 
2022/8/14, 19, , 12, , 
2022/8/15, 24, , 19, , 
2022/8/16, 35, , 12, , 
2022/8/17, 31, , 11, , 
2022/8/18, 25, , 39, , 
2022/8/19, 56, , 24, , 
2022/8/20, 45, , 8, , 
2022/8/21, 17, , 12, , 
2022/8/22, 24, , 15, , 
2022/8/23, 31, , 19, , 
2022/8/24, 35, , 19, , 
2022/8/25, 41, , 31, , 
2022/8/26, 58, , 9, , 
2022/8/27, 27, , 11, , 
2022/8/28, 27, , 13, , 
2022/8/29, 38, , 11, , 
2022/8/30, 27, , 17, , 
2022/8/31, 41, , 23, , 
2022/9/1, 51, , 17, , 
2022/9/2, 37, , 22, , 
2022/9/3, 39, , 6, , 
2022/9/4, 22, , 6, , 
2022/9/5, 21, , 5, , 
2022/9/6, 18, , 12, , 
2022/9/7, 28, , 9, , 
2022/9/8, 26, , 11, , 
2022/9/9, 28, , 7, , 
2022/9/10, 47, , 20, , 
2022/9/11, 103, , 17, , 
2022/9/12, 99, , 16, , 
2022/9/13, 72, , 18, , 
2022/9/14, 58, , 19, , 
2022/9/15, 57, , 18, , 
2022/9/16, 54, , 11, , 
2022/9/17, 25, , 5, , 
2022/9/18, 24, , 6, , 
2022/9/19, 22, , 22, , 
2022/9/20, 44, , 9, , 
2022/9/21, 27, , 23, , 
2022/9/22, 72, , 16, , 
2022/9/23, 42, , 16, , 
2022/9/24, 37, , , , 
2022/9/27, 71, , 31, , 
2022/9/28, 76, , 13, , 
2022/9/29, 39, , 20, , 
2022/9/30, 31, , 8, , 
2022/10/1, 30, , 12, , 
2022/4/2, 14, , 10, , 
2022/4/3, 16, , 8, , 
2022/4/4, 25, , 10, , 
2022/4/5, 22, , 14, , 
2022/4/6, 28, , 13, , 
2022/4/7, 23, , 33, , 
2022/4/8, 42, , 13, , 
2022/4/9, 19, , 7, , 
2022/4/10, 19, , 8, , 
2022/4/11, 10, , 9, , 
2022/4/12, 15, , 13, , 
2022/4/13, 22, , 14, , 
2022/4/14, 17, , 19, , 
2022/4/15, 31, , 16, , 
2022/4/16, 20, , 8, , 
2022/4/17, 16, , 12, , 
2022/4/18, 14, , 20, , 
2022/4/19, 28, , 14, , 
2022/4/20, 15, , 12, , 
2022/4/21, 17, , 18, , 
2022/4/22, 22, , 16, , 
2022/4/23, 26, , 14, , 
2022/4/24, 27, , 23, , 
2022/4/25, 33, , , , 
2022/4/26, 31, , 14, , 
2022/4/27, 23, , 14, , 
2022/4/28, 24, , 12, , 
2022/4/29, 25, , 13, , 
2022/4/30, 18, , 9, , 
2022/5/1, 24, , 17, , 
2022/5/2, 35, , 8, , 
2022/5/3, 26, , 14, , 
2022/5/4, 22, , 16, , 
2022/5/5, 27, , 19, , 
2022/5/6, 22, , 18, , 
2022/5/7, 23, , 8, , 
2022/5/8, 17, , 9, , 
2022/5/9, 14, , 12, , 
2022/5/10, 13, , 12, , 
2022/5/11, 17, , 12, , 
2022/5/12, 17, , 9, , 
2022/5/13, 14, , 15, , 
2022/5/14, 15, , 12, , 
2022/5/15, 22, , 14, , 
2022/5/16, 22, , 14, , 
2022/5/17, 16, , 12, , 
2022/5/18, 18, , 11, , 
2022/5/19, 24, , 12, , 
2022/5/20, 20, , 12, , 
2022/5/21, 29, , 8, , 
2022/5/22, 21, , 10, , 
2022/5/23, 18, , 12, , 
2022/5/24, 27, , 10, , 
2022/5/25, 20, , 11, , 
2022/5/26, 13, , 18, , 
2022/5/27, 28, , 10, , 
2022/5/28, 16, , 10, , 
2022/5/29, 24, , 6, , 
2022/5/30, 17, , 7, , 
2022/5/31, 16, , 11, , 
2022/6/1, 30, , 14, , 
2022/6/2, 33, , 21, , 
2022/6/3, 41, , 17, , 
2022/6/4, 27, , 10, , 
2022/6/5, 21, , 5, , 
2022/6/6, 12, , 9, , 
2022/6/7, 15, , 12, , 
2022/6/8, 16, , 12, , 
2022/6/9, 17, , 22, , 
2022/6/10, 28, , 10, , 
2022/6/11, 21, , 10, , 
2022/6/12, 13, , 6, , 
2022/6/13, 16, , 9, , 
2022/6/14, 19, , 8, , 
2022/6/15, 19, , 14, , 
2022/6/16, 28, , 17, , 
2022/6/17, 34, , 10, , 
2022/6/18, 26, , 9, , 
2022/6/19, 19, , 8, , 
2022/6/20, 17, , 14, , 
2022/6/21, 27, , 18, , 
2022/6/22, 33, , 13, , 
2022/6/23, 19, , 8, , 
2022/6/24, 19, , 8, , 
2022/6/25, 18, , 9, , 
2022/6/26, 18, , 9, , 
2022/6/27, 32, , 21, , 
2022/6/28, 46, , 8, , 
2022/6/29, 25, , 11, , 
2022/6/30, 20, , 10, , 
2022/7/1, 24, , 12, , 
2022/1/4, 18, , 15, , 
2022/1/5, 26, , 13, , 
2022/1/6, 15, , 15, , 
2022/1/7, 22, , 14, , 
2022/1/8, 19, , 13, , 
2022/1/9, 29, , 20, , 
2022/1/10, 46, , 24, , 
2022/1/11, 51, , 22, , 
2022/1/12, 26, , 20, , 
2022/1/13, 33, , 18, , 
2022/1/14, 30, , 15, , 
2022/1/15, 36, , 14, , 
2022/1/16, 55, , 9, , 
2022/1/17, 36, , 14, , 
2022/1/18, 49, , 18, , 
2022/1/19, 23, , 16, , 
2022/1/20, 29, , 12, , 
2022/1/21, 19, , 20, , 
2022/1/22, 39, , 9, , 
2022/1/23, 29, , 9, , 
2022/1/24, 35, , 11, , 
2022/1/25, 43, , 12, , 
2022/1/26, 44, , 14, , 
2022/1/27, 43, , 19, , 
2022/1/28, 51, , 21, , 
2022/1/29, 62, , 20, , 
2022/1/30, 40, , 15, , 
2022/1/31, 42, , 18, , 
2022/2/1, 22, , 16, , 
2022/2/2, 30, , 16, , 
2022/2/3, 28, , 18, , 
2022/2/4, 27, , 13, , 
2022/2/5, 24, , 11, , 
2022/2/6, 22, , 15, , 
2022/2/7, 48, , 20, , 
2022/2/8, 41, , 24, , 
2022/2/9, 33, , 24, , 
2022/2/10, 48, , 12, , 
2022/2/11, 32, , 8, , 
2022/2/12, 25, , 12, , 
2022/2/13, 37, , 20, , 
2022/2/14, 63, , 17, , 
2022/2/15, 33, , 21, , 
2022/2/16, 48, , 19, , 
2022/2/17, 43, , 18, , 
2022/2/18, 31, , 17, , 
2022/2/19, 38, , 11, , 
2022/2/20, 18, , 9, , 
2022/2/21, 21, , 7, , 
2022/2/22, 25, , 6, , 
2022/2/23, 20, , 19, , 
2022/2/24, 48, , 14, , 
2022/2/25, 41, , 21, , 
2022/2/26, 47, , 20, , 
2022/2/27, 39, , 6, , 
2022/2/28, 22, , 10, , 
2022/3/1, 19, , 15, , 
2022/3/2, 17, , 15, , 
2022/3/3, 34, , 12, , 
2022/3/4, 26, , 9, , 
2022/3/5, 20, , 12, , 
2022/3/6, 34, , 15, , 
2022/3/7, 51, , 16, , 
2022/3/8, 49, , 23, , 
2022/3/9, 51, , 10, , 
2022/3/10, 15, , 25, , 
2022/3/11, 37, , 18, , 
2022/3/12, 31, , 15, , 
2022/3/13, 34, , 12, , 
2022/3/14, 18, , 17, , 
2022/3/15, 27, , 14, , 
2022/3/16, 30, , 13, , 
2022/3/17, 18, , 16, , 
2022/3/18, 29, , 15, , 
2022/3/19, 24, , 7, , 
2022/3/20, 20, , 10, , 
2022/3/21, 25, , 12, , 
2022/3/22, 23, , 16, , 
2022/3/23, 29, , 13, , 
2022/3/24, 23, , 10, , 
2022/3/25, 16, , 21, , 
2022/3/26, 31, , 21, , 
2022/3/27, 38, , 13, , 
2022/3/28, 35, , 14, , 
2022/3/29, 23, , 16, , 
2022/3/30, 27, , 12, , 
2022/3/31, 16, , 10, , 
2022/4/1, 18, , 12, , 
2021/10/3, 42, , 9, , 
2021/10/4, 22, , 15, , 
2021/10/5, 25, , 18, , 
2021/10/6, 35, , 10, , 
2021/10/7, 20, , 11, , 
2021/10/8, 17, , 27, , 
2021/10/9, 54, , 10, , 
2021/10/10, 32, , 4, , 
2021/10/11, 22, , 12, , 
2021/10/12, 20, , 16, , 
2021/10/13, 30, , 17, , 
2021/10/14, 43, , 13, , 
2021/10/15, 19, , 17, , 
2021/10/16, 25, , 10, , 
2021/10/17, 22, , 7, , 
2021/10/18, 20, , 16, , 
2021/10/19, 16, , 17, , 
2021/10/20, 34, , 16, , 
2021/10/21, 35, , 10, , 
2021/10/22, 24, , 17, , 
2021/10/23, 28, , 10, , 
2021/10/24, 25, , 5, , 
2021/10/25, 11, , 10, , 
2021/10/26, 15, , , , 
2021/11/3, 38, , 20, , 
2021/11/4, 40, , 12, , 
2021/11/5, 20, , 11, , 
2021/11/6, 25, , 10, , 
2021/11/7, 13, , 8, , 
2021/11/8, 10, , 8, , 
2021/11/9, 17, , 12, , 
2021/11/10, 22, , 16, , 
2021/11/11, 32, , 7, , 
2021/11/12, 11, , 15, , 
2021/11/13, 24, , 14, , 
2021/11/14, 33, , , , 
2021/11/21, 45, , 15, , 
2021/11/22, 56, , 17, , 
2021/11/23, 54, , 17, , 
2021/11/24, 35, , 21, , 
2021/11/25, 27, , 11, , 
2021/11/26, 31, , 17, , 
2021/11/27, 15, , 12, , 
2021/11/28, 19, , 8, , 
2021/11/29, 11, , 17, , 
2021/11/30, 17, , 17, , 
2021/12/1, 17, , 13, , 
2021/12/2, 11, , 9, , 
2021/12/3, 20, , 12, , 
2021/12/4, 26, , 11, , 
2021/12/5, 35, , 10, , 
2021/12/6, 29, , 16, , 
2021/12/7, 26, , 15, , 
2021/12/8, 23, , 20, , 
2021/12/9, 34, , 21, , 
2021/12/10, 29, , 13, , 
2021/12/11, 17, , 8, , 
2021/12/12, 20, , 9, , 
2021/12/13, 13, , 22, , 
2021/12/14, 23, , , , 
2021/12/19, 35, , 6, , 
2021/12/20, 17, , 11, , 
2021/12/21, 18, , 12, , 
2021/12/22, 29, , 19, , 
2021/12/23, 27, , 17, , 
2021/12/24, 16, , 7, , 
2021/12/25, 33, , , , 
2021/12/27, 22, , 11, , 
2021/12/28, 40, , 9, , 
2021/12/29, 24, , 9, , 
2021/12/30, 23, , 9, , 
2021/12/31, 24, , 14, , 
2022/1/1, 39, , 13, , 
2022/1/2, 55, , 15, , 
2022/1/3, 30, , 11, , 
2021/7/19, 12, , 18, , 
2021/7/20, 29, , 11, , 
2021/7/21, 14, , 9, , 
2021/7/22, 21, , 9, , 
2021/7/23, 17, , 11, , 
2021/7/24, 22, , , , 
2021/8/13, 116, , 43, , 
2021/8/14, 112, , , , 
2021/8/21, 11, , 15, , 
2021/8/22, 18, , , , 
2021/8/26, 65, , 13, , 
2021/8/27, 24, , , , 
2021/9/11, 25, , 5, , 
2021/9/12, 38, , , , 
2021/9/14, 20, , 19, , 
2021/9/15, 25, , , , 
2021/9/23, 42, , 13, , 
2021/9/24, 25, , 14, , 
2021/9/25, 31, , 23, , 
2021/9/26, 51, , 10, , 
2021/9/27, 28, , 13, , 
2021/9/28, 22, , , , 
2021/4/2, 48, , 18, , 
2021/4/3, 34, , 15, , 
2021/4/4, 34, , 6, , 
2021/4/5, 10, , 25, , 
2021/4/6, 31, , 24, , 
2021/4/7, 37, , 18, , 
2021/4/8, 19, , 14, , 
2021/4/9, 16, , 14, , 
2021/4/10, 18, , 6, , 
2021/4/11, 9, , 7, , 
2021/4/12, 17, , 11, , 
2021/4/13, 16, , 9, , 
2021/4/14, 13, , 10, , 
2021/4/15, 13, , 21, , 
2021/4/16, 29, , 23, , 
2021/4/17, 38, , 28, , 
2021/4/18, 47, , 21, , 
2021/4/19, 50, , 25, , 
2021/4/20, 37, , 18, , 
2021/4/21, 34, , 23, , 
2021/4/22, 41, , 16, , 
2021/4/23, 36, , 15, , 
2021/4/24, 35, , 10, , 
2021/4/25, 19, , 9, , 
2021/4/26, 11, , 16, , 
2021/4/27, 17, , 16, , 
2021/4/28, 21, , 18, , 
2021/4/29, 23, , 16, , 
2021/4/30, 29, , 13, , 
2021/5/1, 18, , 7, , 
2021/5/2, 16, , 9, , 
2021/5/3, 17, , 13, , 
2021/5/4, 17, , 9, , 
2021/5/5, 19, , 17, , 
2021/5/6, 28, , 15, , 
2021/5/7, 26, , 9, , 
2021/5/8, 16, , 9, , 
2021/5/9, 20, , 8, , 
2021/5/10, 21, , , , 
2021/5/17, 37, , 14, , 
2021/5/18, 19, , 14, , 
2021/5/19, 14, , , , 
2021/5/21, 19, , 15, , 
2021/5/22, 33, , 10, , 
2021/5/23, 37, , 5, , 
2021/5/24, 9, , , , 
2021/6/4, 21, , 14, , 
2021/6/5, 18, , 5, , 
2021/6/6, 11, , 6, , 
2021/6/7, 13, , 13, , 
2021/6/8, 9, , 13, , 
2021/6/9, 14, , 10, , 
2021/6/10, 11, , , , 
2021/6/19, 21, , , , 
2021/6/21, 21, , 14, , 
2021/6/22, 34, , 14, , 
2021/6/23, 30, , 14, , 
2021/6/24, 22, , , , 
2021/1/5, 17, , 18, , 
2021/1/6, 19, , 20, , 
2021/1/7, 26, , 15, , 
2021/1/8, 38, , 21, , 
2021/1/9, 28, , 16, , 
2021/1/10, 29, , 17, , 
2021/1/11, 34, , 15, , 
2021/1/12, 23, , 12, , 
2021/1/13, 12, , 17, , 
2021/1/14, 33, , 21, , 
2021/1/15, 35, , 17, , 
2021/1/16, 31, , 15, , 
2021/1/17, 43, , 12, , 
2021/1/18, 43, , 9, , 
2021/1/19, 27, , 14, , 
2021/1/20, 49, , 19, , 
2021/1/21, 65, , 14, , 
2021/1/22, 40, , 10, , 
2021/1/23, 19, , 17, , 
2021/1/24, 51, , 9, , 
2021/1/25, 30, , 17, , 
2021/1/26, 26, , 13, , 
2021/1/27, 22, , 17, , 
2021/1/28, 20, , 18, , 
2021/1/29, 18, , 18, , 
2021/1/30, 41, , 14, , 
2021/1/31, 27, , 16, , 
2021/2/1, 22, , 17, , 
2021/2/2, 22, , 16, , 
2021/2/3, 14, , 14, , 
2021/2/4, 17, , 19, , 
2021/2/5, 21, , 17, , 
2021/2/6, 15, , 9, , 
2021/2/7, 15, , 11, , 
2021/2/8, 18, , 16, , 
2021/2/9, 30, , 10, , 
2021/2/10, 20, , 20, , 
2021/2/11, 44, , 10, , 
2021/2/12, 22, , 5, , 
2021/2/13, 18, , 6, , 
2021/2/14, 30, , 7, , 
2021/2/15, 19, , 12, , 
2021/2/16, 17, , 19, , 
2021/2/17, 28, , 19, , 
2021/2/18, 24, , 16, , 
2021/2/19, 24, , 16, , 
2021/2/20, 20, , 13, , 
2021/2/21, 20, , 6, , 
2021/2/22, 10, , 16, , 
2021/2/23, 14, , 18, , 
2021/2/24, 18, , 22, , 
2021/2/25, 35, , 19, , 
2021/2/26, 23, , 18, , 
2021/2/27, 17, , 17, , 
2021/2/28, 29, , 12, , 
2021/3/1, 17, , 19, , 
2021/3/2, 28, , 11, , 
2021/3/3, 16, , 23, , 
2021/3/4, 50, , 22, , 
2021/3/5, 45, , 21, , 
2021/3/6, 30, , 13, , 
2021/3/7, 17, , 12, , 
2021/3/8, 18, , 23, , 
2021/3/9, 22, , 22, , 
2021/3/10, 35, , 15, , 
2021/3/11, 28, , 16, , 
2021/3/12, 28, , 24, , 
2021/3/13, 51, , 23, , 
2021/3/14, 53, , 13, , 
2021/3/15, 45, , 15, , 
2021/3/16, 16, , 20, , 
2021/3/17, 35, , 23, , 
2021/3/18, 47, , 19, , 
2021/3/19, 39, , 16, , 
2021/3/20, 16, , 10, , 
2021/3/21, 17, , 10, , 
2021/3/22, 16, , 12, , 
2021/3/23, 16, , 22, , 
2021/3/24, 34, , 14, , 
2021/3/25, 9, , 14, , 
2021/3/26, 19, , 17, , 
2021/3/27, 35, , 14, , 
2021/3/28, 40, , 7, , 
2021/3/29, 19, , 16, , 
2021/3/30, 23, , 20, , 
2021/3/31, 36, , 19, , 
2021/4/1, 31, , 20, , 
2020/10/2, 63, , 22, , 
2020/10/3, 68, , 15, , 
2020/10/4, 56, , 18, , 
2020/10/5, 35, , 13, , 
2020/10/6, 43, , 13, , 
2020/10/7, 47, , 16, , 
2020/10/8, 48, , 20, , 
2020/10/9, 24, , 14, , 
2020/10/10, 21, , 10, , 
2020/10/11, 13, , 6, , 
2020/10/12, 14, , 15, , 
2020/10/13, 28, , 11, , 
2020/10/14, 28, , 15, , 
2020/10/15, 29, , 22, , 
2020/10/16, 35, , 15, , 
2020/10/17, 24, , 9, , 
2020/10/18, 31, , 10, , 
2020/10/19, 13, , 14, , 
2020/10/20, 16, , 21, , 
2020/10/21, 30, , 15, , 
2020/10/22, 32, , 16, , 
2020/10/23, 40, , 16, , 
2020/10/24, 32, , 5, , 
2020/10/25, 16, , 9, , 
2020/10/26, 35, , 15, , 
2020/10/27, 38, , 19, , 
2020/10/28, 43, , 15, , 
2020/10/29, 32, , 20, , 
2020/10/30, 34, , 13, , 
2020/10/31, 26, , 10, , 
2020/11/1, 29, , 14, , 
2020/11/2, 44, , 22, , 
2020/11/3, 58, , 20, , 
2020/11/4, 47, , 14, , 
2020/11/5, 17, , 16, , 
2020/11/6, 28, , 9, , 
2020/11/7, 20, , 14, , 
2020/11/8, 37, , 10, , 
2020/11/9, 18, , 16, , 
2020/11/10, 44, , 18, , 
2020/11/11, 29, , 15, , 
2020/11/12, 37, , 15, , 
2020/11/13, 38, , 13, , 
2020/11/14, 16, , 12, , 
2020/11/15, 23, , 8, , 
2020/11/16, 17, , 14, , 
2020/11/17, 21, , 15, , 
2020/11/18, 29, , 14, , 
2020/11/19, 17, , 15, , 
2020/11/20, 25, , 17, , 
2020/11/21, 27, , 15, , 
2020/11/22, 43, , 15, , 
2020/11/23, 60, , 15, , 
2020/11/24, 30, , 14, , 
2020/11/25, 20, , 20, , 
2020/11/26, 31, , 9, , 
2020/11/27, 26, , 10, , 
2020/11/28, 17, , 11, , 
2020/11/29, 29, , 16, , 
2020/11/30, 50, , 18, , 
2020/12/1, 36, , 13, , 
2020/12/2, 31, , 25, , 
2020/12/3, 43, , 24, , 
2020/12/4, 65, , 22, , 
2020/12/5, 62, , 21, , 
2020/12/6, 61, , 13, , 
2020/12/7, 35, , 17, , 
2020/12/8, 30, , 16, , 
2020/12/9, 25, , 19, , 
2020/12/10, 24, , 15, , 
2020/12/11, 29, , 17, , 
2020/12/12, 30, , 11, , 
2020/12/13, 30, , 12, , 
2020/12/14, 23, , 21, , 
2020/12/15, 33, , 14, , 
2020/12/16, 24, , 13, , 
2020/12/17, 15, , 15, , 
2020/12/18, 21, , 13, , 
2020/12/19, 20, , 11, , 
2020/12/20, 18, , 13, , 
2020/12/21, 23, , 14, , 
2020/12/22, 21, , 20, , 
2020/12/23, 33, , 15, , 
2020/12/24, 29, , 21, , 
2020/12/25, 69, , 17, , 
2020/12/26, 62, , 8, , 
2020/12/27, 21, , 15, , 
2020/12/28, 28, , 13, , 
2020/12/29, 29, , 16, , 
2020/12/30, 41, , 15, , 
2020/12/31, 25, , 13, , 
2021/1/1, 15, , 9, , 
2021/1/2, 24, , 6, , 
2021/1/3, 9, , 7, , 
2021/1/4, 13, , 14, , 
2020/7/2, 17, 27, 12, 1, 3
2020/7/3, 32, 23, 10, 1, 4
2020/7/4, 17, 26, 8, 4, 3
2020/7/5, 30, 25, 6, 1, 2
2020/7/6, 52, 25, 10, 1, 3
2020/7/7, 19, 17, 7, 1, 2
2020/7/8, 11, 23, 11, 1, 3
2020/7/9, 25, 18, 9, 1, 3
2020/7/10, 21, 23, 11, 1, 3
2020/7/11, 18, 19, 7, 1, 2
2020/7/12, 18, 30, 4, 1, 1
2020/7/13, 10, 23, 7, 1, 2
2020/7/14, 13, 24, 9, 1, 2
2020/7/15, 21, 22, 4, 1, 4
2020/7/16, 20, 20, 11, 1, 3
2020/7/17, 26, 13, 6, 1, 2
2020/7/18, 22, 21, 9, 1, 3
2020/7/19, 24, 22, 10, 1, 3
2020/7/20, 30, 25, 15, 1, 4
2020/7/21, 34, 23, 15, 1, 3
2020/7/22, 34, 12, 9, 1, 3
2020/7/23, 14, 16, 10, 1, 3
2020/7/24, 20, 19, 8, 1, 2
2020/7/25, 21, 26, 5, 1, 2
2020/7/26, 19, 33, 8, 1, 3
2020/7/27, 25, 37, 23, 1, 5
2020/7/28, 35, 25, 13, 1, 4
2020/7/29, 28, 32, 15, 1, 4
2020/8/5, 25, 22, 15, 1, 5
2020/8/6, 40, 19, 6, 1, 2
2020/8/7, 17, 24, 13, 1, 4
2020/8/8, 33, 21, 12, 1, 4
2020/8/9, 43, 24, 9, 1, 3
2020/8/10, 26, 22, 16, 1, 4
2020/8/11, 30, 22, 13, 1, 3
2020/8/12, 41, 26, 13, 1, 3
2020/8/13, 35, 31, 9, 1, 2
2020/8/14, 36, 30, 11, , 3
2020/8/15, 37, 41, 9, , 3
2020/8/16, 36, 40, 27, 2, 5
2020/8/17, 54, 21, 14, 1, 3
2020/8/18, 29, 23, 12, 1, 2
2020/8/19, 23, 24, 8, 1, 2
2020/8/20, 35, , 12, , 4
2020/8/21, 14, , 9, , 
2020/8/22, 17, , , , 
2020/8/23, 24, , , , 
2020/8/24, 27, , , , 
2020/8/25, 27, , 13, , 
2020/8/26, 32, , 10, , 
2020/8/27, 23, , 14, , 
2020/8/28, 30, , 10, , 
2020/8/29, 21, , 10, , 
2020/8/30, 30, , 9, , 
2020/8/31, 39, , 15, , 
2020/9/1, 28, , 25, , 
2020/9/2, 34, , 16, , 
2020/9/3, 34, , 14, , 
2020/9/4, 29, , 20, , 
2020/9/5, 36, , 12, , 
2020/9/6, 40, , 14, , 
2020/9/7, 39, , 11, , 
2020/9/8, 36, , 13, , 
2020/9/9, 136, , 28, , 
2020/9/10, 102, , 44, , 
2020/9/11, 107, , 27, , 
2020/9/12, 189, , 17, , 
2020/9/13, 198, , 26, , 
2020/9/14, 206, , 36, , 
2020/9/15, 229, , 36, , 
2020/9/16, 231, , 23, , 
2020/9/17, 175, , 20, , 
2020/9/18, 155, , 18, , 
2020/9/19, 126, , 12, , 
2020/9/20, 20, , 13, , 
2020/9/21, 25, , 19, , 
2020/9/22, 42, , 19, , 
2020/9/23, 26, , 11, , 
2020/9/24, 21, , 14, , 
2020/9/25, 27, , 12, , 
2020/9/26, 23, , 10, , 
2020/9/27, 22, , 12, , 
2020/9/28, 24, , 11, , 
2020/9/29, 20, , 18, , 
2020/9/30, 36, , 25, , 
2020/10/1, 61, , 21, , 
2020/4/2, 14, 27, 12, 1, 2
2020/4/3, 21, 27, 9, 1, 2
2020/4/4, 12, 28, 8, 1, 2
2020/4/5, 16, 26, 5, 1, 2
2020/4/6, 15, 29, 14, 1, 3
2020/4/7, 19, 30, 11, 1, 3
2020/4/8, 29, 31, 11, 1, 3
2020/4/9, 36, 33, 12, 1, 3
2020/4/10, 40, 27, 16, 1, 3
2020/4/11, 37, 35, 7, 1, 2
2020/4/12, 20, 37, 9, 1, 2
2020/4/13, 25, 35, 16, 1, 3
2020/4/14, 26, 32, 15, 1, 3
2020/4/15, 27, 34, 11, 1, 3
2020/4/16, 15, 32, 15, 1, 3
2020/4/17, 28, 30, 17, 1, 3
2020/4/18, 28, 25, 10, 1, 2
2020/4/19, 20, 27, 7, 1, 2
2020/4/20, 12, 27, 10, 1, 3
2020/4/21, 27, 27, 10, 1, 2
2020/4/22, 12, 21, 13, 1, 2
2020/4/23, 13, 23, 11, 1, 3
2020/4/24, 18, 21, 16, 1, 4
2020/4/25, 22, 32, 7, 1, 2
2020/4/26, 25, 32, 3, 1, 3
2020/4/27, 23, 30, 10, 1, 3
2020/4/28, 9, 23, 15, 1, 3
2020/5/1, 11, 34, 14, 1, 4
2020/5/2, 21, 32, 10, 1, 3
2020/5/3, 23, 32, 4, 1, 2
2020/5/4, 11, 30, 15, 1, 4
2020/5/5, 19, 34, 16, 1, 
2020/5/6, 18, 33, 7, 1, 2
2020/5/7, 16, 30, 7, 1, 2
2020/5/8, 16, 34, 13, 1, 
2020/5/9, 17, 35, 10, 1, 
2020/5/10, 17, 36, 22, 1, 
2020/5/11, 34, 31, 19, 1, 
2020/5/12, 30, 26, 14, 1, 
2020/5/13, 24, 31, 10, 1, 
2020/5/14, 14, 31, 14, 1, 
2020/5/15, 16, 34, 14, 1, 
2020/5/16, 10, 16, 11, 1, 
2020/5/17, 25, 32, 5, 1, 
2020/5/18, 10, 28, 12, 1, 
2020/5/19, 19, 23, 12, 1, 
2020/5/20, 14, 29, 13, 1, 
2020/5/21, 14, 26, 7, 1, 
2020/5/22, 11, 23, 9, 1, 
2020/5/23, 19, 27, 8, 1, 
2020/5/24, 14, 23, 11, 1, 
2020/5/25, 27, 21, 9, 1, 
2020/5/26, 19, 26, 11, 1, 
2020/5/27, 13, 32, 12, 1, 
2020/5/28, 25, 32, 18, 1, 
2020/5/29, 33, 34, 10, 1, 
2020/5/30, 28, 23, 8, 1, 
2020/5/31, 24, 21, 5, 1, 
2020/6/1, 14, 28, 8, 1, 
2020/6/2, 20, 21, 13, 1, 
2020/6/3, 20, 28, 9, 1, 
2020/6/4, 18, 30, 6, 1, 
2020/6/5, 17, 24, 10, 1, 
2020/6/6, 17, 26, 7, 1, 
2020/6/7, 11, 22, 9, 1, 
2020/6/8, 13, 23, 9, 1, 
2020/6/9, 16, 13, 8, 1, 
2020/6/10, 12, 16, 13, 1, 
2020/6/11, 17, 28, 12, 1, 
2020/6/12, 18, 17, 12, 1, 
2020/6/13, 16, 22, 8, 1, 
2020/6/14, 8, 23, 5, 1, 
2020/6/15, 11, 23, 9, 1, 2
2020/6/16, 13, 27, 10, 1, 2
2020/6/17, 17, 24, 12, 1, 3
2020/6/18, 23, 22, 9, 1, 2
2020/6/19, 20, 19, 16, 1, 3
2020/6/20, 32, 15, 8, 1, 1
2020/6/21, 18, 22, 7, 1, 2
2020/6/22, 12, 29, 11, , 2
2020/6/23, 16, 21, 10, 1, 1
2020/6/24, 15, 18, 13, 1, 3
2020/6/25, 17, 20, 13, 1, 6
2020/6/26, 108, 26, 10, 1, 1
2020/6/27, 20, 17, 3, 1, 1
2020/6/28, 10, 21, 8, 1, 2
2020/6/29, 12, 16, 9, 1, 2
2020/6/30, 24, 22, 10, 1, 2
2020/7/1, 18, 17, 10, 1, 2
2020/1/2, 14, 27, 8, 1, 3
2020/1/3, 18, 32, 14, 1, 4
2020/1/4, 26, 31, 3, 53, 2
2020/1/5, 17, 26, 4, 47, 2
2020/1/6, 15, 24, 5, , 2
2020/1/7, 9, 27, 5, 1, 3
2020/1/8, 12, 26, 5, 1, 3
2020/1/9, 17, 7, 16, 1, 4
2020/1/10, 34, 25, 7, 1, 2
2020/1/11, 13, 28, 3, , 3
2020/1/12, 21, 28, 2, 1, 2
2020/1/13, 12, 23, 8, 1, 3
2020/1/14, 25, 28, 6, 1, 3
2020/1/15, 17, 28, 4, , 2
2020/1/16, 9, 23, 9, 1, 2
2020/1/17, 18, 27, 12, 1, 3
2020/1/18, 20, 26, 6, 1, 2
2020/1/19, 11, 27, 9, 1, 4
2020/1/20, 25, 18, 15, 1, 6
2020/1/21, 39, 27, 9, 1, 2
2020/1/22, 19, 24, 9, 1, 2
2020/1/23, 18, 19, 14, 1, 3
2020/1/24, 17, 24, 10, 1, 3
2020/1/25, 15, 16, 6, , 3
2020/1/26, 18, 28, 4, 1, 3
2020/1/27, 17, 23, 7, , 3
2020/1/28, 14, 24, 9, 1, 4
2020/1/29, 17, 14, 12, 1, 4
2020/1/30, 21, 15, 12, 1, 3
2020/1/31, 26, 25, 5, 1, 3
2020/2/1, 14, 29, 1, 1, 2
2020/2/2, 12, 26, 7, 1, 4
2020/2/3, 28, 24, 10, 1, 3
2020/2/4, 23, 12, 17, 1, 4
2020/2/5, 26, 24, 11, , 4
2020/2/6, 15, 16, 12, , 4
2020/2/7, 20, 31, 7, , 3
2020/2/8, 23, 26, 3, , 3
2020/2/9, 18, , , , 4
2020/2/10, 25, , , , 5
2020/2/11, 39, , , , 4
2020/2/12, 40, , , , 5
2020/2/13, 31, , , , 4
2020/2/14, 27, , , , 3
2020/2/15, 15, , , , 3
2020/2/16, 15, , , , 3
2020/2/17, 18, , , , 4
2020/2/18, 24, , , , 3
2020/2/19, 18, , , , 5
2020/2/20, 31, , , , 7
2020/2/21, 42, , , , 6
2020/2/22, 39, , , , 4
2020/2/23, 24, , , , 2
2020/2/24, 22, 28, 17, , 3
2020/2/25, 26, 13, 24, 1, 5
2020/2/26, 35, 21, 23, , 4
2020/2/27, 31, 19, 18, , 4
2020/2/28, 32, 29, 15, , 4
2020/2/29, 31, 30, 10, , 3
2020/3/1, 20, 25, 15, , 4
2020/3/2, 29, 23, 15, , 3
2020/3/3, 23, 24, 15, 1, 3
2020/3/4, 11, 27, 18, 1, 4
2020/3/5, 27, 27, 18, 1, 4
2020/3/6, 27, 25, 21, 1, 4
2020/3/7, 21, 26, 15, 1, 4
2020/3/8, 28, 26, 23, 1, 4
2020/3/9, 22, 18, 19, 1, 4
2020/3/10, 30, 29, 18, 1, 4
2020/3/11, 23, 28, 14, 1, 3
2020/3/12, 21, 25, 18, 1, 4
2020/3/13, 31, 28, 10, 1, 3
2020/3/14, 20, 27, 6, 1, 2
2020/3/15, 19, 30, 7, 1, 2
2020/3/16, 13, 26, 15, 1, 3
2020/3/17, 23, 16, 25, 1, 5
2020/3/18, 45, 24, 25, 1, 4
2020/3/19, 55, 23, 27, 1, 4
2020/3/20, 61, 32, 21, 1, 4
2020/3/21, 50, 19, 20, 1, 4
2020/3/22, 47, 31, 12, 1, 3
2020/3/23, 46, 30, 14, 1, 2
2020/3/24, 16, 26, 13, , 3
2020/3/25, 14, 23, 17, , 3
2020/3/26, 19, 34, 14, , 2
2020/3/27, 31, 30, 13, 1, 2
2020/3/28, 21, 28, 7, , 2
2020/3/29, 10, , , , 
2019/10/2, 23, 11, 14, 1, 6
2019/10/3, 32, 23, 11, 1, 1
2019/10/4, 21, 22, 9, , 3
2019/10/5, 16, 15, 9, 1, 4
2019/10/6, 27, 14, 7, 1, 4
2019/10/7, 22, 30, 6, 1, 3
2019/10/8, 23, 24, 5, 1, 2
2019/10/9, 19, 18, 6, , 3
2019/10/10, 16, 12, 9, , 3
2019/10/11, 24, 26, 12, 1, 6
2019/10/12, 34, 9, 16, 1, 5
2019/10/13, 46, 14, 14, 1, 4
2019/10/14, 42, 16, 15, 1, 5
2019/10/15, 43, 10, 15, 1, 5
2019/10/16, 52, 24, 13, 1, 4
2019/10/17, 41, 25, 6, , 3
2019/10/18, 24, 21, 7, , 3
2019/10/19, 26, 21, 6, , 3
2019/10/20, 15, 27, 5, , 3
2019/10/21, 19, 22, 7, , 3
2019/10/22, 35, 22, 5, , 2
2019/10/23, 25, 13, 8, , 3
2019/10/24, 24, 3, 15, 1, 6
2019/10/25, 47, 17, 12, 1, 5
2019/10/26, 36, 20, 6, 1, 3
2019/10/27, 29, 18, 5, , 3
2019/10/28, 20, 13, 10, 1, 4
2019/10/29, 32, 25, 5, , 3
2019/10/30, 24, 14, 12, 1, 3
2019/10/31, 26, 7, 20, 1, 6
2019/11/1, 55, 9, 13, 1, 4
2019/11/2, 49, 10, 13, 1, 4
2019/11/3, 53, 12, 10, 1, 4
2019/11/4, 51, 9, 10, , 4
2019/11/5, 47, 7, 10, 1, 4
2019/11/6, 40, 4, 12, 1, 3
2019/11/7, 43, 1, 15, 1, 7
2019/11/8, 49, 15, 13, 1, 7
2019/11/9, 55, 11, 10, , 3
2019/11/10, 39, 8, 9, , 4
2019/11/11, 37, 4, 13, 1, 5
2019/11/12, 40, 5, 12, 1, 4
2019/11/13, 40, 8, 9, 1, 3
2019/11/14, 34, , 14, 1, 6
2019/11/15, 56, 23, 7, 1, 4
2019/11/16, 32, 11, 12, 1, 4
2019/11/17, 30, 17, 8, , 3
2019/11/18, 28, 16, 10, 1, 3
2019/11/19, 19, 17, 7, , 2
2019/11/20, 23, 9, 8, , 3
2019/11/21, 26, 2, 13, 1, 7
2019/11/22, 47, , 17, 1, 8
2019/11/23, 65, 24, 9, 1, 5
2019/11/24, 50, 21, 6, , 3
2019/11/25, 26, 20, 9, 1, 3
2019/11/26, 19, 26, 5, , 2
2019/11/27, 13, 24, 6, , 3
2019/11/28, 18, 19, 5, , 2
2019/11/29, 20, 15, 9, , 4
2019/11/30, 30, 19, 10, 1, 4
2019/12/1, 44, 21, 8, 1, 4
2019/12/2, 22, 11, 18, 1, 8
2019/12/3, 49, 6, 17, 1, 5
2019/12/4, 43, 18, 13, 1, 4
2019/12/5, 43, 14, 11, 1, 4
2019/12/6, 42, 3, 14, 1, 7
2019/12/7, 51, 12, 9, 1, 4
2019/12/8, 26, 8, 9, 1, 3
2019/12/9, 30, 6, 9, , 3
2019/12/10, 27, 1, 13, 1, 4
2019/12/11, 36, 14, 13, 1, 3
2019/12/12, 30, 30, 8, 1, 3
2019/12/13, 25, 23, 9, 1, 4
2019/12/14, 17, 14, 9, , 4
2019/12/15, 23, 15, 9, , 4
2019/12/16, 23, 12, 12, 1, 4
2019/12/17, 20, 9, 19, 1, 8
2019/12/18, 50, 20, 19, 1, 7
2019/12/19, 54, 23, 9, 1, 3
2019/12/20, 21, 27, 15, 1, 4
2019/12/21, 21, 27, 6, , 3
2019/12/22, 15, 14, 6, , 3
2019/12/23, 16, 11, 12, 1, 3
2019/12/24, 22, 6, 15, , 6
2019/12/25, 33, 6, 10, , 4
2019/12/26, 37, 2, 14, , 6
2019/12/27, 52, 12, 10, 36, 5
2019/12/28, 33, 12, 10, 1, 6
2019/12/29, 37, , , , 5
2019/12/30, 31, , , , 
2019/7/2, 29, 20, 5, 1, 4
2019/7/3, 25, 14, 8, 1, 5
2019/7/4, 29, 21, 11, 1, 4
2019/7/5, 29, 18, 7, 1, 4
2019/7/6, 32, 22, 6, 1, 3
2019/7/7, 20, 20, 3, 1, 3
2019/7/8, 17, 26, 12, 1, 5
2019/7/9, 29, 22, 12, 1, 4
2019/7/10, 39, 9, 5, 1, 3
2019/7/11, 28, 12, 8, 1, 4
2019/7/12, 21, 17, 10, 1, 3
2019/7/13, 30, 19, 4, 1, 2
2019/7/14, 20, 29, 6, 1, 3
2019/7/15, 21, 23, 6, 1, 3
2019/7/16, 20, 19, 13, 1, 4
2019/7/17, 30, 15, 3, 1, 2
2019/7/18, 14, 23, 3, 1, 2
2019/7/19, 17, 20, 3, 1, 3
2019/7/20, 25, 26, 6, 1, 3
2019/7/21, 18, 34, 7, 1, 3
2019/7/22, 31, 26, 7, 1, 3
2019/7/23, 26, 21, 5, 1, 3
2019/7/24, 24, 29, 3, 1, 3
2019/7/25, 19, 27, 6, 1, 3
2019/7/26, 25, 23, 8, 1, 4
2019/7/27, 30, 23, 3, 1, 2
2019/7/28, 16, 27, 3, 1, 2
2019/7/29, 16, 26, 9, 1, 4
2019/7/30, 37, 24, 8, , 3
2019/7/31, 29, 28, 12, 1, 4
2019/8/1, 33, 28, 5, 1, 3
2019/8/2, 21, 23, 7, 1, 3
2019/8/3, 25, 32, 5, 1, 3
2019/8/4, 40, 35, 6, 1, 4
2019/8/5, 43, 37, 17, 2, 5
2019/8/6, 52, 24, 15, 1, 4
2019/8/7, 48, 25, 6, 1, 4
2019/8/8, 33, 27, 1, 1, 4
2019/8/9, 25, 25, 9, 1, 4
2019/8/10, 32, 22, 12, 1, 
2019/8/13, 22, 33, 10, 1, 4
2019/8/14, 29, 31, 10, 1, 4
2019/8/15, 35, 24, 7, 1, 4
2019/8/16, 29, 21, 4, 1, 4
2019/8/17, 33, 26, 2, 1, 4
2019/8/18, 26, 22, 7, 1, 3
2019/8/19, 21, 27, 6, 1, 3
2019/8/20, 19, 34, 11, 1, 4
2019/8/21, 32, 20, 8, 1, 3
2019/8/22, 21, 19, 10, 1, 4
2019/8/23, 36, 21, 11, 1, 4
2019/8/24, 35, 25, 4, 1, 3
2019/8/25, 27, 28, 5, 1, 3
2019/8/26, 27, 31, 4, 1, 3
2019/8/27, 35, 29, 6, 1, 3
2019/8/28, 35, 23, 11, 5, 5
2019/8/29, 35, 28, 9, 1, 4
2019/8/30, 38, 25, 9, 1, 4
2019/8/31, 27, 26, 9, 1, 4
2019/9/1, 31, 26, 3, 1, 3
2019/9/2, 19, 27, 7, 1, 4
2019/9/3, 19, 21, 17, 1, 5
2019/9/4, 37, 24, 10, , 4
2019/9/5, 28, 20, 12, 1, 4
2019/9/6, 34, 25, 11, 1, 4
2019/9/7, 41, 16, 8, 1, 3
2019/9/8, 30, 21, 4, , 3
2019/9/9, 12, 23, 6, , 3
2019/9/10, 16, 22, 9, , 4
2019/9/11, 23, 25, 8, 1, 5
2019/9/12, 25, 26, 6, 1, 3
2019/9/13, 22, 23, 3, 1, 3
2019/9/14, 19, 21, 4, , 3
2019/9/15, 14, 22, 5, , 2
2019/9/16, 15, 21, 8, 1, 4
2019/9/17, 27, 16, 6, 1, 2
2019/9/18, 14, 19, 9, 1, 3
2019/9/19, 21, 19, 14, 1, 5
2019/9/20, 38, 10, 10, 1, 4
2019/9/21, 30, 16, 5, 1, 4
2019/9/22, 25, 17, 5, , 3
2019/9/23, 18, 21, 6, 1, 3
2019/9/24, 27, 21, 7, 1, 3
2019/9/25, 31, 24, 8, 1, 4
2019/9/26, 38, 20, 8, 1, 4
2019/9/27, 24, 24, 3, , 3
2019/9/28, 15, 18, 4, , 2
2019/9/29, 13, 16, 4, , 3
2019/9/30, 12, 19, 5, , 3
2019/10/1, 12, 17, 10, 1, 4
2019/4/2, 39, 30, 10, 1, 5
2019/4/3, 32, 32, 6, 1, 3
2019/4/4, 30, 30, 8, 1, 5
2019/4/5, 35, 32, 6, 1, 3
2019/4/6, 25, 37, 3, 1, 4
2019/4/7, 25, 33, 4, 1, 4
2019/4/8, 20, 27, 11, 1, 26
2019/4/9, 23, 29, 5, 1, 3
2019/4/13, 27, 34, 2, , 3
2019/4/14, 18, 35, 1, , 3
2019/4/15, 17, 35, 6, 1, 4
2019/4/16, 12, 28, 7, 1, 4
2019/4/17, 27, 30, 3, 1, 4
2019/4/18, 14, 23, 7, 1, 4
2019/4/19, 20, 29, 6, 1, 3
2019/4/20, 17, 29, 4, 1, 3
2019/4/21, 22, 34, 9, 1, 4
2019/4/22, 30, 28, 9, 1, 4
2019/4/23, 28, 33, 3, 1, 3
2019/4/24, 22, 36, 5, 1, 3
2019/4/25, 28, 28, 8, 1, 3
2019/4/26, 25, 35, 7, 1, 4
2019/4/27, 35, 32, 2, 1, 2
2019/4/28, 15, 31, 4, 1, 3
2019/4/29, 19, 35, 3, 1, 2
2019/4/30, 11, 35, 6, 1, 3
2019/5/1, 20, 34, 5, 1, 4
2019/5/2, 29, 35, 4, 1, 3
2019/5/3, 28, 30, 9, 1, 4
2019/5/4, 35, 28, 9, 1, 4
2019/5/5, 28, 30, 8, 1, 4
2019/5/6, 27, 30, 9, 1, 4
2019/5/7, 33, 33, 8, 1, 4
2019/5/8, 31, 31, 13, 1, 4
2019/5/9, 41, 33, 5, 1, 3
2019/5/10, 28, 29, 23, 1, 6
2019/5/11, 46, 32, 16, 1, 6
2019/5/12, 51, 29, 6, 1, 3
2019/5/13, 26, 32, 7, 1, 4
2019/5/14, 36, 25, 7, 1, 4
2019/5/15, 27, 23, 13, 1, 4
2019/5/16, 23, 20, 11, 1, 4
2019/5/17, 38, 32, 2, 1, 3
2019/5/18, 17, 31, 7, 1, 3
2019/5/19, 21, 33, 8, 1, 3
2019/5/20, 24, 32, 3, 1, 3
2019/5/21, 18, 30, 4, 1, 2
2019/5/22, 26, 33, 10, 1, 4
2019/5/23, 43, 27, 11, 1, 5
2019/5/24, 50, 25, 2, 1, 3
2019/5/25, 29, 21, 5, 1, 3
2019/5/26, 19, 19, 8, 1, 4
2019/5/27, 32, 29, 6, 1, 5
2019/5/28, 45, 27, 2, 1, 4
2019/5/29, 45, 20, 9, 1, 4
2019/5/30, 38, 25, 15, 1, 5
2019/5/31, 50, 22, 18, 1, 5
2019/6/1, 51, 27, 11, 1, 3
2019/6/2, 41, 29, 4, 1, 3
2019/6/3, 32, 27, 6, 1, 3
2019/6/4, 31, 28, 10, 1, 3
2019/6/5, 30, 25, 6, 1, 3
2019/6/6, 19, 24, 3, 1, 3
2019/6/7, 19, 22, 3, 1, 3
2019/6/8, 15, 23, 3, 1, 3
2019/6/9, 12, 23, 4, , 2
2019/6/10, 12, 24, 5, , 2
2019/6/11, 18, 34, 7, 1, 3
2019/6/12, 26, 27, 15, 1, 5
2019/6/13, 43, 24, 6, 1, 3
2019/6/14, 42, 16, 3, 1, 3
2019/6/15, 23, , , , 4
2019/6/16, 34, 17, 1, 1, 2
2019/6/17, 30, 24, 7, 1, 4
2019/6/18, 27, 18, 3, 1, 2
2019/6/19, 16, 22, 3, 1, 2
2019/6/20, 23, 22, 4, 1, 3
2019/6/21, 16, 23, 2, 1, 3
2019/6/22, 26, 17, 4, 1, 3
2019/6/23, 20, 21, 4, 1, 2
2019/6/24, 20, 24, 5, 1, 2
2019/6/25, 23, 31, 6, 1, 3
2019/6/26, 24, 29, 9, 1, 3
2019/6/27, 21, 26, 3, 1, 3
2019/6/28, 18, 27, 5, 1, 3
2019/6/29, 19, 30, 5, 1, 3
2019/6/30, 21, 33, 6, 1, 3
2019/7/1, 23, 29, 9, 1, 4
2019/1/2, 57, 23, 15, 1, 5
2019/1/3, 45, 27, 14, 1, 5
2019/1/4, 32, 26, 7, 1, 3
2019/1/5, 21, 9, 15, 1, 6
2019/1/6, 33, 28, 5, 1, 3
2019/1/7, 21, 23, 8, 1, 4
2019/1/8, 28, 17, 18, 1, 5
2019/1/9, 31, 20, 14, 1, 4
2019/1/10, 24, 16, 11, 1, 4
2019/1/11, 16, 16, 20, 2, 9
2019/1/12, 47, 15, 20, 2, 10
2019/1/13, 63, 4, 22, 1, 8
2019/1/14, 59, 5, 20, 1, 7
2019/1/15, 53, 2, 27, 3, 14
2019/1/16, 86, 27, 22, 2, 11
2019/1/17, 66, 26, 10, 1, 4
2019/1/18, 22, 26, 8, 1, 3
2019/1/19, 19, 27, 4, 1, 3
2019/1/20, 32, 20, 8, 1, 4
2019/1/21, 28, 11, 15, 1, 7
2019/1/22, 58, 20, 11, 1, 1
2019/1/23, 25, 26, 9, 1, 1
2019/1/24, 20, 9, 17, 1, 1
2019/1/25, 43, 6, 14, 1, 1
2019/1/26, 44, 9, 12, 1, 1
2019/1/27, 45, 13, 9, 1, 1
2019/1/28, 46, 10, 10, 1, 3
2019/1/29, 30, 10, 19, 1, 6
2019/1/30, 34, 2, 25, 2, 7
2019/1/31, 62, 8, 19, 1, 7
2019/2/1, 55, 29, 12, 1, 3
2019/2/2, 40, 24, 8, 1, 2
2019/2/3, 23, 29, 4, 1, 1
2019/2/4, 20, 27, 2, 1, 1
2019/2/5, 21, 24, 14, 1, 4
2019/2/6, 42, 17, 17, 1, 6
2019/2/7, 52, 14, 15, 1, 5
2019/2/8, 38, 26, 17, 1, 4
2019/2/9, 52, 26, 3, 1, 2
2019/2/10, 25, 24, 7, 1, 2
2019/2/11, 31, 27, 6, 1, 2
2019/2/12, 20, 27, 8, 1, 2
2019/2/13, 24, 22, 13, 1, 3
2019/2/14, 31, 18, 20, 1, 6
2019/2/15, 37, 24, 9, 1, 5
2019/2/16, 29, 16, 14, 1, 5
2019/2/17, 35, 15, 14, 1, 5
2019/2/18, 43, 3, 15, 1, 4
2019/2/19, 50, 23, 10, 1, 5
2019/2/20, 32, 18, 9, 1, 3
2019/2/21, 24, 18, 12, 1, 5
2019/2/22, 38, 20, 12, 1, 4
2019/2/23, 28, 27, 7, 1, 3
2019/2/24, 22, 30, 4, 1, 2
2019/2/25, 18, 29, 7, 1, 3
2019/2/26, 19, 32, 5, 1, 2
2019/2/27, 17, 29, 9, 1, 3
2019/2/28, 26, 26, 10, 1, 5
2019/3/1, 32, 27, 12, 1, 3
2019/3/2, 29, 31, 6, 1, 3
2019/3/3, 30, 36, 2, 1, 1
2019/3/4, 12, 34, 4, 1, 2
2019/3/5, 15, 32, 8, 1, 3
2019/3/6, 16, 24, 13, 1, 3
2019/3/7, 29, 26, 11, 1, 4
2019/3/8, 30, 23, 16, 1, 5
2019/3/9, 36, 27, 11, 1, 4
2019/3/10, 41, 25, 12, 2, 4
2019/3/11, 41, 29, 8, 1, 5
2019/3/12, 35, 26, 9, 1, 3
2019/3/13, 25, 21, 14, 1, 5
2019/3/14, 38, 26, 9, 1, 5
2019/3/15, 29, 23, 11, 1, 5
2019/3/16, 40, 21, 15, 1, 5
2019/3/17, 47, 20, 10, 1, 4
2019/3/18, 41, 38, 9, 1, 4
2019/3/19, 27, 40, 6, 1, 5
2019/3/20, 35, 40, 13, 1, 5
2019/3/21, 28, 34, 7, 1, 4
2019/3/22, 33, 34, 11, 1, 5
2019/3/23, 32, 33, 7, 1, 5
2019/3/24, 35, 26, 11, 2, 4
2019/3/25, 38, 31, 9, 1, 5
2019/3/26, 34, 34, 9, 1, 4
2019/3/27, 21, 31, 7, 1, 3
2019/3/28, 18, 30, 12, 1, 5
2019/3/29, 28, 22, 16, 1, 6
2019/3/30, 40, 31, 10, 1, 4
2019/3/31, 28, 33, 8, 1, 4
2019/4/1, 45, 29, 9, 1, 4
2018/10/2, 27, 22, 4, 1, 3
2018/10/3, 25, 12, 8, 1, 4
2018/10/4, 33, 12, 12, 1, 4
2018/10/5, 35, 18, 9, 1, 3
2018/10/6, 32, 15, 5, 1, 2
2018/10/7, 43, 14, 7, 1, 4
2018/10/8, 45, 4, 16, 1, 5
2018/10/9, 55, 14, 8, 1, 4
2018/10/10, 32, 8, 12, 1, 6
2018/10/11, 57, 9, 12, 1, 5
2018/10/12, 55, 11, 11, 1, 5
2018/10/13, 56, 20, 5, 1, 2
2018/10/14, 44, 18, 8, 1, 3
2018/10/15, 39, 7, 13, 1, 4
2018/10/16, 39, 5, 17, 1, 5
2018/10/17, 54, 10, 26, 2, 10
2018/10/18, 71, 15, 24, 1, 8
2018/10/19, 74, 15, 21, 1, 
2018/10/20, 88, 17, 7, 1, 3
2018/10/21, 69, 6, 13, 1, 7
2018/10/22, 77, 1, 20, 2, 8
2018/10/23, 83, 8, 16, 1, 6
2018/10/24, 67, 14, 15, 1, 6
2018/10/25, 57, 9, 15, 1, 4
2018/10/26, 45, 24, 6, 1, 3
2018/10/27, 39, 15, 10, 1, 4
2018/10/28, 45, 25, 5, 1, 2
2018/10/29, 24, 17, 10, 1, 4
2018/10/30, 35, 14, 13, 1, 4
2018/10/31, 48, 17, 8, 1, 5
2018/11/1, 43, 25, 4, 1, 3
2018/11/2, 35, 26, 3, 1, 3
2018/11/3, 36, 19, 6, 1, 3
2018/11/4, 35, , 1, 1, 3
2018/11/5, 40, 23, 5, 1, 4
2018/11/6, 38, 20, 10, 1, 4
2018/11/7, 28, 14, 11, 1, 3
2018/11/8, 27, 6, 13, 1, 6
2018/11/9, 46, 1, 15, 1, 7
2018/11/10, 52, 12, 11, 1, 4
2018/11/11, 49, 9, 8, 1, 3
2018/11/12, 34, 18, 20, 1, 8
2018/11/13, 56, 15, 15, 1, 6
2018/11/14, 52, 19, 14, 1, 6
2018/11/15, 68, 20, 11, 1, 4
2018/11/16, 44, 14, 8, 1, 3
2018/11/17, 24, 12, 7, 1, 2
2018/11/18, 23, 7, 13, 1, 5
2018/11/19, 46, 1, 19, 2, 10
2018/11/20, 69, , 21, 3, 14
2018/11/21, 85, 6, 22, 1, 8
2018/11/22, 57, 23, 7, 1, 3
2018/11/23, 24, 23, 5, 1, 2
2018/11/24, 15, 14, 10, 1, 5
2018/11/25, 37, 4, 13, 1, 7
2018/11/26, 43, 18, 15, 1, 5
2018/11/27, 36, 20, 9, 1, 3
2018/11/28, 22, 18, 14, 1, 4
2018/11/29, 26, 11, 11, 1, 3
2018/11/30, 31, 16, 12, 1, 5
2018/12/1, 34, , 14, 1, 4
2018/12/2, 27, , 13, 1, 4
2018/12/3, 49, 7, 8, 1, 3
2018/12/4, 25, 14, 11, 1, 3
2018/12/5, 30, 16, 11, 1, 3
2018/12/6, 29, 23, 15, 1, 6
2018/12/7, 42, 21, 9, 1, 6
2018/12/8, 39, 20, 11, 1, 6
2018/12/9, 45, 21, 4, 1, 3
2018/12/10, 29, 60, 13, 1, 4
2018/12/11, 30, 60, 9, 1, 3
2018/12/12, 23, 20, 11, 1, 3
2018/12/13, 30, 23, 12, 1, 5
2018/12/14, 30, 30, 10, 1, 6
2018/12/15, 39, 30, 4, 1, 3
2018/12/16, 15, 27, 4, 1, 4
2018/12/17, 20, 22, 10, 1, 3
2018/12/18, 15, 28, 6, 1, 3
2018/12/19, 22, 27, 12, 1, 5
2018/12/20, 34, 26, 6, 1, 3
2018/12/21, 21, 19, 14, 1, 4
2018/12/22, 38, 25, 10, 1, 4
2018/12/23, 31, 20, 7, 1, 3
2018/12/24, 15, 18, 5, 1, 2
2018/12/25, 18, 9, 9, 1, 4
2018/12/26, 33, 17, 9, 1, 3
2018/12/27, 24, 8, 15, 1, 5
2018/12/28, 38, 22, 12, 1, 3
2018/12/29, 32, 30, 2, 1, 2
2018/12/30, 15, 23, 7, 1, 3
2018/12/31, 23, , , , 
2018/7/2, 9, 23, 7, , 2
2018/7/3, 10, 24, 18, 1, 4
2018/7/4, 30, 21, 16, 2, 4
2018/7/5, 36, 31, 19, 1, 4
2018/7/6, 52, 17, 12, 1, 3
2018/7/7, 19, 21, 10, 1, 2
2018/7/8, 16, 22, 13, 1, 3
2018/7/9, 22, 25, 18, 1, 3
2018/7/10, 27, 24, 15, 1, 3
2018/7/11, 25, 25, 13, 1, 3
2018/7/12, 14, 25, 16, 1, 4
2018/7/13, 35, 26, 22, 3, 4
2018/7/14, 49, 34, 20, 2, 3
2018/7/15, 41, 35, 20, 1, 3
2018/7/16, 39, 29, 31, 1, 5
2018/7/17, 48, 27, 22, 1, 4
2018/7/18, 43, 19, 14, 1, 4
2018/7/19, 26, 18, 15, 1, 3
2018/7/20, 26, 23, 13, 1, 3
2018/7/21, 32, 23, 12, 1, 3
2018/7/22, 26, 29, 13, 1, 3
2018/7/23, 30, 27, 20, 1, 4
2018/7/24, 38, 27, 22, 1, 4
2018/7/25, 44, 31, 33, 1, 6
2018/7/26, 53, 36, 36, 1, 5
2018/7/27, 52, 26, 27, 2, 5
2018/7/28, 44, 22, 21, 1, 4
2018/7/29, 39, 31, 26, 1, 5
2018/7/30, 52, 32, 37, 1, 6
2018/7/31, 62, 24, 13, 1, 4
2018/8/1, 39, 17, 13, 1, 4
2018/8/2, 25, 10, 11, 1, 3
2018/8/3, 16, 17, 14, 1, 3
2018/8/4, 24, 17, 13, 1, 3
2018/8/5, 25, 24, 23, 1, 4
2018/8/6, 40, 21, 19, 1, 4
2018/8/7, 32, 29, 24, 1, 4
2018/8/8, 39, 24, 35, 1, 6
2018/8/9, 54, 34, 27, 1, 5
2018/8/10, 53, 18, 21, 1, 4
2018/8/11, 39, 14, 15, 1, 2
2018/8/12, 18, 14, 60, 1, 2
2018/8/13, 31, 16, 12, 1, 4
2018/8/14, 57, 26, 52, 1, 8
2018/8/15, 141, 26, 46, 1, 10
2018/8/16, 141, 13, 25, 1, 5
2018/8/17, 71, 24, 25, 1, 5
2018/8/18, 58, 23, , 1, 
2018/8/19, 73, 23, 26, , 6
2018/8/20, 94, 50, 20, 1, 9
2018/8/21, 130, 23, 54, 1, 14
2018/8/22, 175, 36, 60, 1, 12
2018/8/23, 172, 21, 19, 1, 5
2018/8/24, 86, 27, 18, 1, 6
2018/8/25, 102, 19, 19, 1, 5
2018/8/26, 114, 18, 13, 1, 4
2018/8/27, 58, 24, 10, 1, 4
2018/8/28, 45, 21, 15, 1, 7
2018/8/29, 56, 23, 13, 1, 5
2018/8/30, 49, 19, 4, 1, 5
2018/8/31, 25, 20, 3, 1, 3
2018/9/1, 21, 21, 4, , 3
2018/9/2, 24, 22, 4, , 3
2018/9/3, 32, 25, 3, , 3
2018/9/4, 16, 27, 6, 1, 3
2018/9/5, 35, 29, 12, 1, 6
2018/9/6, 54, 25, 20, 2, 7
2018/9/7, 72, 21, 8, 1, 3
2018/9/8, 31, 22, 4, 1, 3
2018/9/9, 22, 23, 3, , 2
2018/9/10, 21, 21, 4, 1, 3
2018/9/11, 34, 22, 6, 1, 4
2018/9/12, 30, 24, 6, 1, 4
2018/9/13, 26, 21, 8, 1, 4
2018/9/14, 30, 21, 7, 1, 4
2018/9/15, 23, 18, 5, 1, 3
2018/9/16, 18, 25, 3, 1, 3
2018/9/17, 17, 20, 6, 1, 2
2018/9/18, 21, 21, 16, 1, 3
2018/9/19, 27, 22, 9, 1, 5
2018/9/20, 41, 19, 4, 1, 3
2018/9/21, 22, 14, 8, 1, 3
2018/9/22, 29, 23, 3, 1, 2
2018/9/23, 17, 23, 4, 1, 3
2018/9/24, 39, 20, 7, 1, 4
2018/9/25, 41, 14, 7, 1, 3
2018/9/26, 37, 13, 8, 1, 3
2018/9/27, 37, 19, 8, 1, 3
2018/9/28, 40, 17, 11, 1, 3
2018/9/29, 35, 19, 11, 1, 4
2018/9/30, 44, 14, 7, 1, 5
2018/10/1, 44, 15, 7, 1, 3
2018/4/2, 18, , 18, , 4
2018/4/3, 18, , 23, , 4
2018/4/4, 28, , 15, , 3
2018/4/5, 15, , 19, , 4
2018/4/6, 33, , 17, , 4
2018/4/7, 24, , 16, , 3
2018/4/8, 26, , 7, , 2
2018/4/9, 14, , 20, , 4
2018/4/10, 26, , 31, , 4
2018/4/11, 29, , , , 3
2018/4/12, 13, , , , 4
2018/4/13, 20, , , , 3
2018/4/14, 19, , , , 4
2018/4/15, 19, , , , 3
2018/4/16, 17, , , , 3
2018/4/17, 20, , , , 3
2018/4/18, 29, , , , 3
2018/4/19, 17, , , , 4
2018/4/21, 37, , , , 2
2018/4/22, 39, , , , 2
2018/4/23, 37, , , , 4
2018/4/24, 33, , , , 4
2018/4/25, 37, , , , 4
2018/4/26, 35, , , , 4
2018/4/27, 44, , , , 3
2018/4/28, 34, , , , 3
2018/4/29, 27, , , , 3
2018/4/30, 20, , , , 4
2018/5/1, 30, , , , 5
2018/5/2, 37, , , , 4
2018/5/3, 41, , , , 5
2018/5/4, 46, , , , 4
2018/5/5, 18, , , , 3
2018/5/6, 26, , , , 4
2018/5/7, 44, , , , 4
2018/5/8, 26, , , , 4
2018/5/9, 34, , , , 3
2018/5/10, 14, , , , 3
2018/5/11, 22, , , , 3
2018/5/12, 24, , , , 3
2018/5/13, 25, , , , 5
2018/5/14, 47, , , , 5
2018/5/15, 56, 25, 18, 1, 3
2018/5/16, 36, 25, 15, , 3
2018/5/17, 20, 25, 17, 1, 4
2018/5/18, 22, 14, 24, 2, 5
2018/5/19, 37, 2, 28, 4, 4
2018/5/20, 55, , 13, 1, 3
2018/5/21, 28, 29, 12, 1, 3
2018/5/22, 26, 30, 15, 1, 3
2018/5/23, 31, 30, 25, 1, 4
2018/5/24, 43, 24, 16, , 3
2018/5/25, 29, 27, 11, 1, 2
2018/5/26, 27, 29, 11, , 2
2018/5/27, 23, 33, 13, 1, 3
2018/5/28, 28, 29, 7, 1, 2
2018/5/29, 22, 24, 11, 1, 2
2018/5/30, 27, 27, 11, 1, 3
2018/5/31, 22, 26, 14, 1, 3
2018/6/1, 20, 30, 13, 1, 3
2018/6/2, 14, 28, 16, 1, 3
2018/6/3, 26, 24, 14, 1, 3
2018/6/4, 28, 27, 8, , 2
2018/6/5, 15, 28, 16, 1, 3
2018/6/6, 21, 29, 17, 1, 3
2018/6/7, 22, 35, 18, 1, 3
2018/6/8, 20, 25, 21, 1, 4
2018/6/9, 32, 27, 16, 1, 2
2018/6/10, 23, 24, 8, , 2
2018/6/11, 14, 25, 20, 1, 4
2018/6/12, 26, 15, 18, 1, 4
2018/6/13, 27, 21, 13, 1, 2
2018/6/14, 21, 16, 13, 1, 3
2018/6/15, 22, 24, 10, 1, 2
2018/6/16, 21, 29, 8, 1, 2
2018/6/17, 24, 33, 16, 1, 3
2018/6/18, 36, 35, 24, 1, 4
2018/6/19, 51, 22, 23, 1, 4
2018/6/20, 48, 23, 29, 1, 5
2018/6/21, 49, 21, 12, , 3
2018/6/22, 26, 16, 13, 1, 3
2018/6/23, 18, 20, 11, 1, 2
2018/6/24, 23, 6, 10, 1, 2
2018/6/25, 28, 24, 13, 1, 2
2018/6/26, 18, 26, 10, , 2
2018/6/27, 19, 20, 15, 1, 3
2018/6/28, 28, 21, 17, 1, 3
2018/6/29, 31, 21, 15, 1, 3
2018/6/30, 33, 18, 15, 4, 3
2018/7/1, 24, 23, 8, , 2
2018/1/2, 40, , , , 5
2018/1/3, 33, , , , 5
2018/1/4, 39, , 25, , 11
2018/1/5, 68, , 26, , 7
2018/1/6, 43, , 17, , 4
2018/1/7, 20, , 16, , 4
2018/1/8, 30, , 20, , 6
2018/1/9, 34, , 18, , 4
2018/1/10, 20, , 26, , 4
2018/1/11, 23, , 17, , 3
2018/1/12, 17, , 22, , 4
2018/1/13, 18, , 13, , 3
2018/1/14, 23, , 17, , 7
2018/1/15, 37, , 22, , 9
2018/1/16, 50, , 22, , 4
2018/1/17, 28, , 28, , 6
2018/1/18, 32, , 18, , 3
2018/1/19, 20, , 20, , 3
2018/1/20, 18, , 11, , 3
2018/1/21, 12, , 7, , 2
2018/1/22, 10, , 21, , 4
2018/1/23, 20, , 22, , 4
2018/1/24, 18, , 18, , 3
2018/1/25, 13, , 18, , 3
2018/1/26, 17, , 20, , 3
2018/1/27, 16, , 9, , 3
2018/1/28, 16, , 13, , 3
2018/1/29, 17, , 19, , 4
2018/1/30, 22, , 23, , 4
2018/1/31, 27, , 23, , 4
2018/2/1, 24, , 18, , 4
2018/2/2, 17, , 19, , 4
2018/2/3, 16, , 13, , 3
2018/2/4, 11, , 11, , 2
2018/2/5, 9, , 23, , 4
2018/2/6, 19, , 21, , 4
2018/2/7, 15, , 21, , 5
2018/2/8, 27, , 15, , 3
2018/2/9, 22, , 18, , 4
2018/2/10, 22, , 14, , 3
2018/2/11, 23, , 11, , 3
2018/2/12, 35, , 16, , 3
2018/2/13, 22, , 29, , 6
2018/2/14, 43, , 24, , 4
2018/2/15, 24, , 24, , 5
2018/2/16, 38, , 22, , 4
2018/2/17, 22, , 12, , 2
2018/2/18, 16, , 9, , 2
2018/2/21, 38, , 21, , 4
2018/2/22, 29, , 12, , 3
2018/2/23, 15, , 21, , 4
2018/2/24, 31, , 15, , 3
2018/2/25, 21, , 10, , 2
2018/2/26, 15, , 26, , 5
2018/2/27, 25, , 16, , 3
2018/2/28, 24, , 18, , 3
2018/3/1, 24, , 22, , 4
2018/3/2, 26, , 22, , 4
2018/3/3, 27, , 13, , 3
2018/3/4, 23, , 17, , 5
2018/3/5, 39, , 24, , 4
2018/3/6, 23, , 13, , 3
2018/3/7, 23, , 20, , 4
2018/3/8, 23, , 22, , 4
2018/3/9, 31, , 24, , 4
2018/3/10, 31, , , , 5
2018/3/11, 33, , 30, , 6
2018/3/12, 49, , 27, , 6
2018/3/13, 48, , 26, , 4
2018/3/14, 21, , 21, , 4
2018/3/15, 22, , 18, , 4
2018/3/16, 27, , 15, , 4
2018/3/17, 26, , 18, , 5
2018/3/18, 37, , 16, , 4
2018/3/19, 20, , 22, , 5
2018/3/20, 35, , 16, , 3
2018/3/21, 28, , 32, , 7
2018/3/22, 46, , 26, , 4
2018/3/23, 28, , 18, , 4
2018/3/24, 14, , 17, , 4
2018/3/25, 23, , 14, , 4
2018/3/26, 26, , 16, , 3
2018/3/27, 16, , 17, , 3
2018/3/28, 16, , 13, , 3
2018/3/29, 21, , 19, , 4
2018/3/30, 26, , 19, , 4
2018/3/31, 24, , 15, , 3
2018/4/1, 27, , 8, , 2
2017/10/2, 19, , , , 4
2017/10/3, 28, , , , 3
2017/10/4, 25, , , , 5
2017/10/5, 31, , , , 8
2017/10/6, 57, , , , 4
2017/10/7, 37, , , , 3
2017/10/8, 21, , , , 5
2017/10/9, 27, , , , 5
2017/10/10, 41, , , , 3
2017/10/11, 30, , , , 4
2017/10/12, 24, , , , 3
2017/10/13, 16, , , , 3
2017/10/14, 18, , , , 4
2017/10/15, 22, , 19, , 4
2017/10/16, 27, , 16, , 5
2017/10/17, 36, , 13, , 3
2017/10/18, 30, , 12, , 3
2017/10/19, 25, , 15, , 3
2017/10/20, 17, , 15, , 3
2017/10/21, 25, , 7, , 2
2017/10/22, 15, , 11, , 3
2017/10/23, 27, , 19, , 6
2017/10/24, 46, , 13, , 4
2017/10/25, 30, , 15, , 5
2017/10/26, 50, , 11, , 3
2017/10/27, 35, , 16, , 5
2017/10/28, 45, , 23, , 11
2017/10/29, 82, , 19, , 5
2017/10/30, 77, , 23, , 6
2017/10/31, 55, , 29, , 
2017/11/1, 61, , 19, , 4
2017/11/2, 31, , 14, , 3
2017/11/3, 19, , 10, , 2
2017/11/4, 24, , 16, , 4
2017/11/5, 38, , 10, , 4
2017/11/6, 40, , 18, , 6
2017/11/7, 49, , 24, , 6
2017/11/8, 41, , 29, , 6
2017/11/9, 48, , 27, , 6
2017/11/10, 40, , 17, , 5
2017/11/11, 30, , 13, , 5
2017/11/12, 37, , 8, , 3
2017/11/13, 19, , 13, , 2
2017/11/14, 14, , 12, , 2
2017/11/15, 20, , 24, , 4
2017/11/16, 21, , 24, , 4
2017/11/17, 23, , 25, , 4
2017/11/18, 26, , 18, , 4
2017/11/19, 31, , 15, , 4
2017/11/20, 21, , 17, , 3
2017/11/21, 23, , , , 5
2017/11/22, 30, , , , 
2017/11/24, 27, , , , 
2017/11/25, 26, , , , 
2017/11/26, 30, , , , 3
2017/11/27, 20, , , , 5
2017/11/28, 26, , , , 5
2017/11/29, 27, , , , 4
2017/11/30, 29, , , , 4
2017/12/1, 21, , , , 3
2017/12/2, 22, , , , 3
2017/12/3, 17, , , , 4
2017/12/4, 24, , , , 5
2017/12/5, 46, , , , 3
2017/12/6, 30, , , , 5
2017/12/7, 32, , , , 10
2017/12/8, 54, , , , 13
2017/12/9, 74, , , , 16
2017/12/10, 87, , , , 8
2017/12/11, 51, , , , 10
2017/12/12, 70, , , , 7
2017/12/13, 49, , , , 4
2017/12/14, 49, , , , 10
2017/12/15, 58, , , , 7
2017/12/16, 53, , , , 4
2017/12/17, 29, , , , 2
2017/12/18, 17, , , , 3
2017/12/19, 12, , , , 3
2017/12/20, 17, , , , 4
2017/12/21, 25, , , , 5
2017/12/22, 31, , , , 3
2017/12/23, 24, , , , 2
2017/12/24, 19, , , , 3
2017/12/25, 19, , , , 4
2017/12/26, 40, , , , 4
2017/12/27, 36, , , , 5
2017/12/28, 34, , , , 3
2017/12/29, 21, , , , 3
2017/12/30, 16, , , , 3
2017/12/31, 20, , , , 2
2018/1/1, 21, , , , 3
2017/7/2, 36, , , , 3
2017/7/3, 33, , , , 2
2017/7/4, 19, , , , 3
2017/7/5, 29, , , , 5
2017/7/6, 78, , , , 5
2017/7/7, 44, , , , 3
2017/7/8, 31, , , , 2
2017/7/9, 24, , , , 3
2017/7/10, 23, , , , 3
2017/7/11, 28, , , , 3
2017/7/12, 28, , , , 4
2017/7/13, 29, , , , 3
2017/7/14, 18, , , , 2
2017/7/15, 27, , , , 3
2017/7/16, 15, , , , 2
2017/7/17, 21, , , , 3
2017/7/18, 21, , , , 4
2017/7/19, 29, , , , 3
2017/7/20, 31, , , , 3
2017/7/21, 17, , , , 4
2017/7/22, 25, , , , 3
2017/7/23, 19, , , , 2
2017/7/24, 21, , , , 4
2017/7/25, 29, , , , 4
2017/7/26, 31, , , , 4
2017/7/27, 32, , , , 3
2017/7/28, 28, , , , 3
2017/7/29, 25, , , , 3
2017/7/30, 23, , , , 2
2017/7/31, 20, , , , 3
2017/8/1, 27, , , , 4
2017/8/2, 50, , , , 5
2017/8/3, 113, , , , 7
2017/8/4, 141, , , , 8
2017/8/5, 133, , , , 3
2017/8/6, 50, , , , 5
2017/8/7, 62, , , , 6
2017/8/8, 91, , , , 6
2017/8/9, 107, , , , 9
2017/8/10, 131, , , , 8
2017/8/11, 109, , , , 7
2017/8/12, 75, , , , 4
2017/8/13, 18, , , , 3
2017/8/14, 15, , , , 3
2017/8/15, 27, , , , 3
2017/8/16, 30, , , , 4
2017/8/17, 36, , , , 3
2017/8/18, 20, , , , 3
2017/8/19, 34, , , , 2
2017/8/20, 21, , , , 2
2017/8/21, 23, , , , 3
2017/8/22, 23, , , , 4
2017/8/23, 43, , , , 3
2017/8/24, 24, , , , 2
2017/8/25, 24, , , , 2
2017/8/26, 16, , , , 3
2017/8/27, 23, , , , 3
2017/8/28, 25, , , , 6
2017/8/29, 48, , , , 5
2017/8/30, 72, , , , 4
2017/8/31, 14, , , , 4
2017/9/1, 28, , , , 3
2017/9/2, 24, , , , 4
2017/9/3, 30, , , , 4
2017/9/4, 23, , , , 3
2017/9/5, 28, , , , 3
2017/9/6, 45, , , , 
2017/9/11, 27, , , , 4
2017/9/12, 33, , , , 3
2017/9/13, 21, , , , 5
2017/9/14, 32, , , , 3
2017/9/15, 24, , , , 7
2017/9/16, 49, , , , 5
2017/9/17, 39, , , , 
2017/9/20, 28, , , , 4
2017/9/21, 24, , , , 4
2017/9/22, 32, , , , 6
2017/9/23, 39, , , , 5
2017/9/24, 41, , , , 5
2017/9/25, 46, , , , 5
2017/9/26, 30, , , , 4
2017/9/27, 32, , , , 5
2017/9/28, 36, , , , 7
2017/9/29, 57, , , , 3
2017/9/30, 29, , , , 4
2017/10/1, 20, , , , 4
2017/4/2, 27, , , , 2
2017/4/3, 16, , , , 3
2017/4/4, 21, , , , 5
2017/4/5, 32, , , , 5
2017/4/6, 27, , , , 3
2017/4/7, 22, , , , 2
2017/4/8, 18, , , , 3
2017/4/9, 15, , , , 4
2017/4/10, 24, , , , 4
2017/4/11, 21, , , , 3
2017/4/12, 15, , , , 3
2017/4/13, 21, , , , 4
2017/4/14, 20, , , , 3
2017/4/15, 19, , , , 4
2017/4/16, 23, , , , 4
2017/4/17, 29, , , , 4
2017/4/18, 28, , , , 3
2017/4/19, 25, , , , 4
2017/4/20, 31, , , , 4
2017/4/21, 35, , , , 5
2017/4/22, 22, , , , 4
2017/4/23, 20, , , , 3
2017/4/24, 13, , , , 3
2017/4/25, 15, , , , 4
2017/4/26, 15, , , , 3
2017/4/27, 15, , , , 3
2017/4/28, 20, , , , 4
2017/4/29, 26, , , , 4
2017/4/30, 24, , , , 2
2017/5/1, 14, , , , 4
2017/5/2, 21, , , , 4
2017/5/3, 26, , , , 5
2017/5/4, 30, , , , 4
2017/5/5, 36, , , , 3
2017/5/6, 20, , , , 3
2017/5/7, 18, , , , 3
2017/5/8, 14, , , , 4
2017/5/9, 24, , , , 4
2017/5/10, 32, , , , 5
2017/5/11, 37, , , , 3
2017/5/12, 18, , , , 3
2017/5/13, 20, , , , 3
2017/5/14, 13, , , , 3
2017/5/15, 15, , , , 4
2017/5/16, 20, , , , 3
2017/5/17, 16, , , , 4
2017/5/18, 19, , , , 5
2017/5/19, 33, , , , 4
2017/5/20, 33, , , , 3
2017/5/21, 22, , , , 4
2017/5/22, 31, , , , 4
2017/5/23, 39, , , , 3
2017/5/24, 42, , , , 3
2017/5/25, 23, , , , 4
2017/5/26, 37, , , , 5
2017/5/27, 38, , , , 4
2017/5/28, 48, , , , 5
2017/5/29, 45, , , , 4
2017/5/30, 38, , , , 4
2017/5/31, 27, , , , 4
2017/6/1, 23, , , , 3
2017/6/2, 19, , , , 3
2017/6/3, 21, , , , 3
2017/6/4, 18, , , , 2
2017/6/5, 23, , , , 3
2017/6/6, 29, , , , 4
2017/6/7, 30, , , , 5
2017/6/8, 34, , , , 3
2017/6/9, 20, , , , 3
2017/6/10, 23, , , , 3
2017/6/11, 17, , , , 3
2017/6/12, 19, , , , 3
2017/6/13, 34, , , , 4
2017/6/14, 25, , , , 4
2017/6/15, 14, , , , 3
2017/6/17, 23, , , , 3
2017/6/18, 18, , , , 2
2017/6/19, 18, , , , 3
2017/6/20, 27, , , , 3
2017/6/21, 26, , , , 2
2017/6/22, 25, , , , 3
2017/6/23, 20, , , , 3
2017/6/24, 24, , , , 4
2017/6/25, 30, , , , 4
2017/6/26, 48, , , , 3
2017/6/27, 39, , , , 4
2017/6/28, 31, , , , 4
2017/6/29, 33, , , , 4
2017/6/30, 40, , , , 4
2017/7/1, 43, , , , 4
2017/1/3, 19, , , , 3
2017/1/4, 16, , , , 4
2017/1/5, 20, , , , 7
2017/1/6, 45, , , , 7
2017/1/7, 47, , , , 5
2017/1/8, 26, , , , 5
2017/1/9, 26, , , , 4
2017/1/10, 23, , , , 2
2017/1/11, 19, , , , 3
2017/1/12, 18, , , , 5
2017/1/13, 32, , , , 4
2017/1/14, 35, , , , 6
2017/1/15, 41, , , , 11
2017/1/16, 77, , , , 9
2017/1/17, 70, , , , 7
2017/1/18, 48, , , , 2
2017/1/19, 8, , , , 4
2017/1/20, 16, , , , 4
2017/1/21, 15, , , , 7
2017/1/22, 42, , , , 3
2017/1/23, 18, , , , 5
2017/1/24, 23, , , , 7
2017/1/25, 54, , , , 8
2017/1/26, 61, , , , 6
2017/1/27, 52, , , , 5
2017/1/28, 32, , , , 6
2017/1/29, 30, , , , 3
2017/1/30, 31, , , , 3
2017/1/31, 20, , , , 3
2017/2/1, 12, , , , 5
2017/2/2, 13, , , , 2
2017/2/3, 9, , , , 5
2017/2/4, 24, , , , 4
2017/2/5, 18, , , , 2
2017/2/6, 12, , , , 3
2017/2/7, 21, , , , 3
2017/2/8, 17, , , , 4
2017/2/9, 25, , , , 3
2017/2/10, 13, , , , 3
2017/2/11, 14, , , , 4
2017/2/12, 18, , , , 5
2017/2/13, 32, , , , 6
2017/2/14, 39, , , , 10
2017/2/15, 61, , , , 3
2017/2/16, 21, , , , 4
2017/2/17, 18, , , , 3
2017/2/18, 14, , , , 4
2017/2/19, 26, , , , 3
2017/2/20, 12, , , , 4
2017/2/21, 19, , , , 3
2017/2/22, 21, , , , 4
2017/2/23, 16, , , , 5
2017/2/24, 35, , , , 4
2017/2/25, 26, , , , 4
2017/2/26, 26, , , , 3
2017/2/27, 10, , , , 4
2017/2/28, 22, , , , 4
2017/3/1, 26, , , , 4
2017/3/2, 16, , , , 4
2017/3/3, 18, , , , 3
2017/3/4, 13, , , , 3
2017/3/5, 11, , , , 3
2017/3/6, 8, , , , 3
2017/3/7, 13, , , , 3
2017/3/8, 12, , , , 4
2017/3/9, 18, , , , 4
2017/3/10, 25, , , , 4
2017/3/11, 18, , , , 4
2017/3/12, 26, , , , 3
2017/3/13, 14, , , , 5
2017/3/14, 27, , , , 3
2017/3/15, 17, , , , 4
2017/3/16, 14, , , , 4
2017/3/17, 17, , , , 5
2017/3/18, 28, , , , 2
2017/3/19, 12, , , , 4
2017/3/20, 18, , , , 4
2017/3/21, 19, , , , 5
2017/3/22, 27, , , , 3
2017/3/23, 16, , , , 4
2017/3/24, 18, , , , 3
2017/3/25, 18, , , , 3
2017/3/26, 14, , , , 3
2017/3/27, 12, , , , 3
2017/3/28, 18, , , , 3
2017/3/29, 13, , , , 4
2017/3/30, 11, , , , 4
2017/3/31, 16, , , , 5
2017/4/1, 39, , , , 3
2016/10/2, 31, , , , 
2016/10/3, 33, , , , 
2016/10/4, 36, , , , 
2016/10/5, 27, , , , 
2016/10/6, 29, , , , 
2016/10/7, 39, , , , 
2016/10/8, 56, , , , 
2016/10/9, 67, , , , 
2016/10/10, 104, , , , 
2016/10/11, 42, , , , 
2016/10/12, 20, , , , 
2016/10/13, 43, , , , 
2016/10/14, 21, , , , 
2016/10/15, 16, , , , 
2016/10/16, 7, , , , 
2016/10/17, 13, , , , 
2016/10/18, 15, , , , 
2016/10/19, 15, , , , 
2016/10/20, 35, , , , 
2016/10/21, 29, , , , 
2016/10/22, 29, , , , 
2016/10/23, 29, , , , 
2016/10/24, 28, , , , 
2016/10/25, 39, , , , 
2016/10/26, 14, , , , 
2016/10/27, 22, , , , 
2016/10/28, 21, , , , 5
2016/10/29, 23, , , , 5
2016/10/30, 35, , , , 3
2016/10/31, 24, , , , 2
2016/11/1, 19, , , , 4
2016/11/2, 24, , , , 6
2016/11/3, 31, , , , 6
2016/11/4, 37, , , , 10
2016/11/5, 54, , , , 5
2016/11/6, 32, , , , 4
2016/11/7, 14, , , , 8
2016/11/8, 39, , , , 7
2016/11/9, 43, , , , 6
2016/11/10, 32, , , , 8
2016/11/11, 47, , , , 8
2016/11/12, 57, , , , 4
2016/11/13, 32, , , , 4
2016/11/14, 21, , , , 4
2016/11/15, 16, , , , 4
2016/11/16, 13, , , , 5
2016/11/17, 19, , , , 7
2016/11/18, 30, , , , 7
2016/11/19, 30, , , , 4
2016/11/20, 16, , , , 3
2016/11/21, 9, , , , 4
2016/11/22, 17, , , , 4
2016/11/23, 17, , , , 4
2016/11/24, 13, , , , 3
2016/11/25, 8, , , , 5
2016/11/26, 20, , , , 5
2016/11/27, 29, , , , 3
2016/11/28, 11, , , , 5
2016/11/29, 23, , , , 5
2016/11/30, 25, , , , 4
2016/12/1, 16, , , , 4
2016/12/2, 25, , , , 4
2016/12/3, 15, , , , 3
2016/12/4, 23, , , , 3
2016/12/5, 13, , , , 3
2016/12/6, 17, , , , 3
2016/12/7, 18, , , , 3
2016/12/8, 19, , , , 2
2016/12/9, 10, , , , 2
2016/12/10, 11, , , , 3
2016/12/11, 14, , , , 3
2016/12/12, 12, , , , 3
2016/12/13, 15, , , , 2
2016/12/14, 22, , , , 3
2016/12/15, 18, , , , 3
2016/12/16, 25, , , , 3
2016/12/17, 23, , , , 4
2016/12/18, 39, , , , 6
2016/12/19, 54, , , , 4
2016/12/20, 24, , , , 4
2016/12/21, 35, , , , 9
2016/12/22, 50, , , , 7
2016/12/23, 45, , , , 3
2016/12/24, 21, , , , 4
2016/12/25, 36, , , , 5
2016/12/26, 56, , , , 4
2016/12/27, 20, , , , 4
2016/12/28, 15, , , , 4
2016/12/29, 22, , , , 5
2016/12/30, 27, , , , 4
2016/12/31, 17, , , , 4
2017/1/1, 31, , , , 3
2017/1/2, 22, , , , 3
2016/7/2, 37, , , , 3
2016/7/3, 21, , , , 2
2016/7/4, 24, , , , 2
2016/7/5, 23, , , , 3
2016/7/6, 41, , , , 4
2016/7/7, 33, , , , 4
2016/7/8, 31, , , , 4
2016/7/9, 26, , , , 3
2016/7/10, 20, , , , 4
2016/7/11, 26, , , , 4
2016/7/12, 25, , , , 3
2016/7/13, 22, , , , 4
2016/7/14, 26, , , , 2
2016/7/15, 25, , , , 4
2016/7/16, 32, , , , 4
2016/7/17, 29, , , , 4
2016/7/18, 40, , , , 4
2016/7/19, 32, , , , 4
2016/7/20, 24, , , , 4
2016/7/21, 27, , , , 4
2016/7/22, 32, , , , 3
2016/7/23, 27, , , , 3
2016/7/24, 22, , , , 3
2016/7/25, 24, , , , 4
2016/7/26, 39, , , , 4
2016/7/27, 39, , , , 5
2016/7/28, 39, , , , 5
2016/7/29, 44, , , , 5
2016/7/30, 43, , , , 2
2016/7/31, 32, , , , 3
2016/8/1, 30, , , , 4
2016/8/2, 44, , , , 2
2016/8/3, 25, , , , 4
2016/8/4, 36, , , , 3
2016/8/5, 36, , , , 3
2016/8/6, 33, , , , 3
2016/8/7, 30, , , , 3
2016/8/8, 24, , , , 4
2016/8/9, 33, , , , 4
2016/8/10, 27, , , , 5
2016/8/11, 35, , , , 3
2016/8/12, 34, , , , 5
2016/8/13, 43, , , , 6
2016/8/14, 53, , , , 3
2016/8/15, 27, , , , 3
2016/8/16, 31, , , , 4
2016/8/17, 39, , , , 4
2016/8/18, 37, , , , 3
2016/8/19, 35, , , , 4
2016/8/20, 42, , , , 8
2016/8/21, 67, , , , 3
2016/8/22, 30, , , , 3
2016/8/23, 30, , , , 3
2016/8/24, 29, , , , 3
2016/8/25, 31, , , , 4
2016/8/26, 43, , , , 7
2016/8/27, 61, , , , 3
2016/8/28, 27, , , , 3
2016/8/29, 26, , , , 5
2016/8/30, 44, , , , 4
2016/8/31, 23, , , , 6
2016/9/1, 30, , , , 5
2016/9/2, 30, , , , 4
2016/9/3, 24, , , , 5
2016/9/4, 25, , , , 6
2016/9/5, 31, , , , 6
2016/9/6, 24, , , , 5
2016/9/7, 29, , , , 5
2016/9/8, 34, , , , 
2016/9/9, 30, , , , 6
2016/9/10, 38, , , , 4
2016/9/11, 40, , , , 3
2016/9/12, 31, , , , 3
2016/9/13, 26, , , , 3
2016/9/14, 31, , , , 8
2016/9/15, 52, , , , 
2016/9/16, 47, , , , 
2016/9/17, 60, , , , 
2016/9/18, 22, , , , 
2016/9/19, 27, , , , 
2016/9/20, 33, , , , 
2016/9/21, 31, , , , 
2016/9/22, 27, , , , 
2016/9/23, 39, , , , 
2016/9/24, 31, , , , 
2016/9/25, 32, , , , 
2016/9/26, 47, , , , 
2016/9/27, 34, , , , 
2016/9/28, 16, , , , 
2016/9/29, 32, , , , 
2016/9/30, 35, , , , 
2016/10/1, 57, , , , 
2016/4/2, 62, , , , 5
2016/4/3, 41, , , , 
2016/4/6, 25, , , , 7
2016/4/7, 35, , , , 9
2016/4/8, 51, , , , 6
2016/4/9, 49, , , , 6
2016/4/10, 39, , , , 5
2016/4/11, 32, , , , 6
2016/4/12, 27, , , , 4
2016/4/13, 29, , , , 5
2016/4/14, 33, , , , 4
2016/4/15, 22, , , , 5
2016/4/16, 31, , , , 7
2016/4/17, 42, , , , 6
2016/4/18, 47, , , , 8
2016/4/19, 62, , , , 7
2016/4/20, 59, , , , 8
2016/4/21, 66, , , , 6
2016/4/22, 42, , , , 4
2016/4/23, 27, , , , 4
2016/4/24, 26, , , , 3
2016/4/25, 16, , , , 5
2016/4/26, 31, , , , 4
2016/4/27, 35, , , , 3
2016/4/28, 33, , , , 4
2016/4/29, 40, , , , 4
2016/4/30, 24, , , , 3
2016/5/1, 31, , , , 3
2016/5/2, 36, , , , 6
2016/5/3, 51, , , , 4
2016/5/4, 41, , , , 2
2016/5/5, 18, , , , 3
2016/5/6, 28, , , , 3
2016/5/7, 27, , , , 4
2016/5/8, 43, , , , 3
2016/5/9, 26, , , , 5
2016/5/10, 35, , , , 4
2016/5/11, 30, , , , 5
2016/5/12, 32, , , , 4
2016/5/13, 28, , , , 5
2016/5/14, 43, , , , 4
2016/5/15, 39, , , , 3
2016/5/16, 31, , , , 4
2016/5/17, 38, , , , 4
2016/5/18, 30, , , , 4
2016/5/19, 34, , , , 3
2016/5/20, 19, , , , 3
2016/5/21, 26, , , , 4
2016/5/22, 31, , , , 3
2016/5/23, 20, , , , 3
2016/5/24, 27, , , , 3
2016/5/25, 29, , , , 5
2016/5/26, 30, , , , 3
2016/5/27, 31, , , , 3
2016/5/28, 18, , , , 3
2016/5/29, 22, , , , 2
2016/5/30, 15, , , , 2
2016/5/31, 19, , , , 6
2016/6/1, 39, , , , 4
2016/6/2, 34, , , , 3
2016/6/3, 21, , , , 5
2016/6/4, 36, , , , 3
2016/6/5, 22, , , , 4
2016/6/6, 33, , , , 4
2016/6/7, 39, , , , 2
2016/6/8, 29, , , , 4
2016/6/9, 33, , , , 3
2016/6/10, 24, , , , 4
2016/6/11, 20, , , , 3
2016/6/12, 16, , , , 2
2016/6/13, 15, , , , 3
2016/6/14, 18, , , , 
2016/6/16, 18, , , , 4
2016/6/17, 22, , , , 4
2016/6/18, 24, , , , 4
2016/6/19, 31, , , , 3
2016/6/20, 23, , , , 4
2016/6/21, 36, , , , 4
2016/6/22, 29, , , , 3
2016/6/23, 27, , , , 3
2016/6/24, 21, , , , 3
2016/6/25, 23, , , , 3
2016/6/26, 19, , , , 4
2016/6/27, 30, , , , 5
2016/6/28, 36, , , , 4
2016/6/29, 91, , , , 5
2016/6/30, 40, , , , 5
2016/7/1, 38, , , , 4
2016/1/5, 31, , , , 7
2016/1/6, 51, , , , 9
2016/1/7, 50, , , , 9
2016/1/8, 58, , , , 11
2016/1/9, 67, , , , 13
2016/1/10, 68, , , , 7
2016/1/11, 34, , , , 7
2016/1/12, 32, , , , 4
2016/1/13, 19, , , , 4
2016/1/14, 21, , , , 6
2016/1/15, 28, , , , 6
2016/1/16, 31, , , , 9
2016/1/17, 27, , , , 
2016/1/20, 26, , , , 5
2016/1/21, 31, , , , 6
2016/1/22, 27, , , , 4
2016/1/23, 22, , , , 
2016/1/24, 29, , , , 
2016/1/25, 23, , , , 8
2016/1/26, 31, , , , 5
2016/1/27, 32, , , , 5
2016/1/28, 31, , , , 5
2016/1/29, 33, , , , 5
2016/1/30, 31, , , , 4
2016/1/31, 18, , , , 5
2016/2/1, 20, , , , 6
2016/2/2, 32, , , , 6
2016/2/3, 30, , , , 4
2016/2/4, 18, , , , 5
2016/2/5, 28, , , , 7
2016/2/6, 38, , , , 3
2016/2/7, 8, , , , 
2016/2/9, 43, , , , 9
2016/2/10, 55, , , , 7
2016/2/11, 44, , , , 8
2016/2/12, 47, , , , 5
2016/2/13, 28, , , , 4
2016/2/14, 21, , , , 5
2016/2/15, 20, , , , 5
2016/2/16, 20, , , , 6
2016/2/17, 28, , , , 7
2016/2/18, 39, , , , 5
2016/2/19, 26, , , , 4
2016/2/20, 15, , , , 
2016/2/23, 31, , , , 5
2016/2/24, 24, , , , 9
2016/2/25, 49, , , , 9
2016/2/26, 54, , , , 9
2016/2/27, 56, , , , 8
2016/2/28, 51, , , , 
2016/3/1, 30, , , , 3
2016/3/2, 24, , , , 6
2016/3/3, 36, , , , 6
2016/3/4, 32, , , , 7
2016/3/5, 35, , , , 
2016/3/8, 25, , , , 7
2016/3/9, 25, , , , 4
2016/3/10, 15, , , , 
2016/3/16, 31, , , , 3
2016/3/17, 16, , , , 3
2016/3/18, 17, , , , 3
2016/3/19, 11, , , , 8
2016/3/20, 44, , , , 
2016/3/22, 22, , , , 4
2016/3/23, 20, , , , 5
2016/3/24, 28, , , , 5
2016/3/25, 26, , , , 6
2016/3/26, 38, , , , 
2016/3/30, 23, , , , 7
2016/3/31, 38, , , , 
2015/10/2, 58, , , , 6
2015/10/3, 44, , , , 3
2015/10/4, 17, , , , 4
2015/10/5, 24, , , , 9
2015/10/6, 41, , , , 7
2015/10/7, 50, , , , 4
2015/10/8, 29, , , , 8
2015/10/9, 51, , , , 10
2015/10/10, 45, , , , 4
2015/10/11, 18, , , , 5
2015/10/12, 27, , , , 7
2015/10/13, 38, , , , 4
2015/10/14, 29, , , , 3
2015/10/15, 37, , , , 6
2015/10/16, 36, , , , 9
2015/10/17, 51, , , , 7
2015/10/18, 59, , , , 6
2015/10/19, 38, , , , 6
2015/10/20, 22, , , , 5
2015/10/21, 33, , , , 7
2015/10/22, 43, , , , 4
2015/10/23, 33, , , , 4
2015/10/24, 44, , , , 5
2015/10/25, 54, , , , 6
2015/10/26, 43, , , , 4
2015/10/27, 19, , , , 8
2015/10/28, 40, , , , 7
2015/10/29, 39, , , , 5
2015/10/30, 29, , , , 4
2015/10/31, 18, , , , 3
2015/11/1, 13, , , , 3
2015/11/2, 13, , , , 5
2015/11/3, 21, , , , 6
2015/11/4, 34, , , , 7
2015/11/5, 46, , , , 6
2015/11/6, 49, , , , 6
2015/11/7, 48, , , , 6
2015/11/8, 38, , , , 4
2015/11/9, 22, , , , 5
2015/11/10, 25, , , , 6
2015/11/11, 43, , , , 5
2015/11/12, 27, , , , 5
2015/11/13, 26, , , , 4
2015/11/14, 20, , , , 3
2015/11/15, 9, , , , 3
2015/11/16, 11, , , , 6
2015/11/17, 24, , , , 4
2015/11/18, 15, , , , 6
2015/11/19, 27, , , , 4
2015/11/20, 24, , , , 5
2015/11/21, 41, , , , 3
2015/11/22, 28, , , , 6
2015/11/23, 47, , , , 10
2015/11/24, 77, , , , 4
2015/11/25, 33, , , , 4
2015/11/26, 24, , , , 4
2015/11/27, 39, , , , 6
2015/11/28, 48, , , , 9
2015/11/29, 70, , , , 9
2015/11/30, 82, , , , 10
2015/12/1, 70, , , , 5
2015/12/2, 33, , , , 4
2015/12/3, 50, , , , 3
2015/12/4, 13, , , , 5
2015/12/5, 20, , , , 3
2015/12/6, 15, , , , 3
2015/12/7, 11, , , , 6
2015/12/8, 25, , , , 4
2015/12/9, 18, , , , 4
2015/12/10, 26, , , , 3
2015/12/11, 17, , , , 5
2015/12/12, 23, , , , 4
2015/12/13, 25, , , , 3
2015/12/14, 16, , , , 8
2015/12/15, 28, , , , 7
2015/12/16, 48, , , , 5
2015/12/17, 26, , , , 3
2015/12/18, 18, , , , 4
2015/12/19, 17, , , , 4
2015/12/20, 18, , , , 4
2015/12/21, 11, , , , 3
2015/12/22, 14, , , , 5
2015/12/23, 23, , , , 4
2015/12/24, 15, , , , 5
2015/12/25, 19, , , , 4
2015/12/26, 35, , , , 6
2015/12/27, 38, , , , 4
2015/12/28, 20, , , , 5
2015/12/29, 31, , , , 4
2015/12/30, 34, , , , 3
2015/12/31, 20, , , , 5
2016/1/1, 26, , , , 
2016/1/4, 37, , , , 4
2015/7/2, 25, , , , 6
2015/7/3, 43, , , , 8
2015/7/4, 45, , , , 6
2015/7/5, 43, , , , 7
2015/7/6, 69, , , , 8
2015/7/7, 56, , , , 6
2015/7/8, 40, , , , 8
2015/7/9, 69, , , , 8
2015/7/10, 60, , , , 6
2015/7/11, 32, , , , 6
2015/7/12, 24, , , , 5
2015/7/13, 15, , , , 5
2015/7/14, 17, , , , 4
2015/7/15, 15, , , , 4
2015/7/16, 35, , , , 4
2015/7/17, 21, , , , 4
2015/7/18, 18, , , , 6
2015/7/19, 31, , , , 7
2015/7/20, 41, , , , 5
2015/7/21, 25, , , , 4
2015/7/22, 18, , , , 5
2015/7/23, 30, , , , 4
2015/7/24, 22, , , , 5
2015/7/25, 23, , , , 2
2015/7/26, 9, , , , 5
2015/7/27, 17, , , , 7
2015/7/28, 27, , , , 5
2015/7/29, 17, , , , 5
2015/7/30, 28, , , , 5
2015/7/31, 31, , , , 7
2015/8/1, 41, , , , 5
2015/8/2, 24, , , , 6
2015/8/3, 32, , , , 6
2015/8/4, 38, , , , 5
2015/8/5, 26, , , , 4
2015/8/6, 16, , , , 5
2015/8/7, 19, , , , 5
2015/8/8, 20, , , , 5
2015/8/9, 13, , , , 5
2015/8/10, 18, , , , 6
2015/8/11, 35, , , , 4
2015/8/12, 31, , , , 6
2015/8/13, 48, , , , 7
2015/8/14, 51, , , , 5
2015/8/15, 27, , , , 4
2015/8/16, 23, , , , 4
2015/8/17, 28, , , , 6
2015/8/18, 28, , , , 5
2015/8/19, 32, , , , 6
2015/8/20, 38, , , , 5
2015/8/21, 24, , , , 6
2015/8/22, 31, , , , 6
2015/8/23, 50, , , , 6
2015/8/24, 68, , , , 6
2015/8/25, 34, , , , 4
2015/8/26, 20, , , , 6
2015/8/27, 32, , , , 8
2015/8/28, 44, , , , 6
2015/8/29, 28, , , , 4
2015/8/30, 20, , , , 5
2015/8/31, 17, , , , 5
2015/9/1, 25, , , , 4
2015/9/2, 18, , , , 4
2015/9/3, 17, , , , 5
2015/9/4, 23, , , , 4
2015/9/5, 17, , , , 5
2015/9/6, 21, , , , 3
2015/9/7, 11, , , , 8
2015/9/8, 30, , , , 6
2015/9/9, 30, , , , 5
2015/9/10, 18, , , , 4
2015/9/11, 18, , , , 5
2015/9/12, 28, , , , 7
2015/9/13, 43, , , , 4
2015/9/14, 27, , , , 6
2015/9/15, 25, , , , 5
2015/9/16, 19, , , , 5
2015/9/17, 22, , , , 5
2015/9/18, 19, , , , 6
2015/9/19, 20, , , , 4
2015/9/20, 23, , , , 2
2015/9/21, 7, , , , 4
2015/9/22, 16, , , , 5
2015/9/23, 25, , , , 6
2015/9/24, 27, , , , 6
2015/9/25, 30, , , , 4
2015/9/26, 13, , , , 3
2015/9/27, 14, , , , 3
2015/9/28, 20, , , , 4
2015/9/29, 22, , , , 6
2015/9/30, 38, , , , 9
2015/10/1, 60, , , , 7
2015/4/2, 37, , , , 6
2015/4/3, 44, , , , 5
2015/4/4, 44, , , , 6
2015/4/5, 37, , , , 5
2015/4/6, 43, , , , 4
2015/4/7, 31, , , , 5
2015/4/8, 35, , , , 7
2015/4/9, 48, , , , 6
2015/4/10, 49, , , , 5
2015/4/11, 42, , , , 4
2015/4/12, 32, , , , 5
2015/4/13, 29, , , , 5
2015/4/14, 42, , , , 5
2015/4/15, 35, , , , 6
2015/4/16, 36, , , , 5
2015/4/17, 38, , , , 4
2015/4/18, 44, , , , 4
2015/4/19, 35, , , , 5
2015/4/20, 49, , , , 7
2015/4/21, 55, , , , 4
2015/4/22, 44, , , , 4
2015/4/23, 31, , , , 5
2015/4/24, 38, , , , 4
2015/4/25, 31, , , , 6
2015/4/26, 33, , , , 6
2015/4/27, 36, , , , 6
2015/4/28, 43, , , , 4
2015/4/29, 43, , , , 5
2015/4/30, 43, , , , 6
2015/5/1, 47, , , , 4
2015/5/2, 39, , , , 3
2015/5/3, 39, , , , 5
2015/5/4, 45, , , , 
2015/1/2, 68, , , , 10
2015/1/3, 73, , , , 7
2015/1/4, 61, , , , 5
2015/1/5, 39, , , , 5
2015/1/6, 30, , , , 10
2015/1/7, 64, , , , 5
2015/1/8, 49, , , , 5
2015/1/9, 47, , , , 13
2015/1/10, 71, , , , 9
2015/1/11, 59, , , , 8
2015/1/12, 55, , , , 8
2015/1/13, 43, , , , 6
2015/1/14, 41, , , , 9
2015/1/15, 54, , , , 8
2015/1/16, 47, , , , 6
2015/1/17, 46, , , , 6
2015/1/18, 39, , , , 3
2015/1/19, 28, , , , 8
2015/1/20, 44, , , , 5
2015/1/21, 39, , , , 11
2015/1/22, 64, , , , 9
2015/1/23, 60, , , , 7
2015/1/24, 55, , , , 5
2015/1/25, 36, , , , 6
2015/1/26, 52, , , , 8
2015/1/27, 52, , , , 6
2015/1/28, 47, , , , 5
2015/1/29, 38, , , , 5
2015/1/30, 38, , , , 9
2015/1/31, 65, , , , 6
2015/2/1, 64, , , , 7
2015/2/2, 62, , , , 5
2015/2/3, 43, , , , 6
2015/2/4, 47, , , , 6
2015/2/5, 43, , , , 4
2015/2/6, 31, , , , 7
2015/2/7, 37, , , , 4
2015/2/8, 31, , , , 5
2015/2/9, 37, , , , 7
2015/2/10, 44, , , , 7
2015/2/11, 41, , , , 9
2015/2/12, 67, , , , 9
2015/2/13, 58, , , , 9
2015/2/14, 67, , , , 5
2015/2/15, 45, , , , 4
2015/2/16, 38, , , , 3
2015/2/17, 39, , , , 6
2015/2/18, 45, , , , 9
2015/2/19, 62, , , , 6
2015/2/20, 55, , , , 5
2015/2/21, 50, , , , 3
2015/2/22, 35, , , , 5
2015/2/23, 50, , , , 10
2015/2/24, 51, , , , 10
2015/2/25, 63, , , , 6
2015/2/26, 55, , , , 5
2015/2/27, 49, , , , 3
2015/2/28, 25, , , , 4
2015/3/1, 31, , , , 6
2015/3/2, 54, , , , 3
2015/3/3, 41, , , , 5
2015/3/4, 44, , , , 8
2015/3/5, 52, , , , 10
2015/3/6, 61, , , , 9
2015/3/7, 65, , , , 8
2015/3/8, 64, , , , 8
2015/3/9, 62, , , , 8
2015/3/10, 61, , , , 6
2015/3/11, 54, , , , 6
2015/3/12, 50, , , , 6
2015/3/13, 43, , , , 8
2015/3/14, 51, , , , 3
2015/3/15, 33, , , , 4
2015/3/16, 28, , , , 5
2015/3/17, 30, , , , 6
2015/3/18, 47, , , , 6
2015/3/19, 38, , , , 6
2015/3/20, 42, , , , 7
2015/3/21, 57, , , , 4
2015/3/22, 33, , , , 5
2015/3/23, 40, , , , 6
2015/3/24, 36, , , , 5
2015/3/25, 34, , , , 5
2015/3/26, 37, , , , 6
2015/3/27, 50, , , , 6
2015/3/28, 46, , , , 4
2015/3/29, 28, , , , 5
2015/3/30, 42, , , , 5
2015/3/31, 43, , , , 3
2015/4/1, 26, , , , 6
2014/10/2, 41, , , , 5
2014/10/3, 46, , , , 5
2014/10/4, 60, , , , 10
2014/10/5, 69, , , , 10
2014/10/6, 61, , , , 7
2014/10/7, 51, , , , 
2014/10/8, 59, , , , 8
2014/10/9, 58, , , , 7
2014/10/10, 56, , , , 6
2014/10/11, 46, , , , 4
2014/10/12, 26, , , , 5
2014/10/13, 44, , , , 7
2014/10/14, 47, , , , 6
2014/10/15, 32, , , , 5
2014/10/16, 31, , , , 7
2014/10/17, 31, , , , 7
2014/10/18, 40, , , , 4
2014/10/19, 26, , , , 7
2014/10/20, 38, , , , 6
2014/10/21, 35, , , , 4
2014/10/22, 34, , , , 4
2014/10/23, 40, , , , 4
2014/10/24, 66, , , , 4
2014/10/25, 29, , , , 5
2014/10/26, 29, , , , 3
2014/10/27, 20, , , , 7
2014/10/28, 41, , , , 4
2014/10/29, 31, , , , 6
2014/10/30, 35, , , , 7
2014/10/31, 42, , , , 7
2014/11/1, 41, , , , 6
2014/11/2, 44, , , , 5
2014/11/3, 38, , , , 5
2014/11/4, 28, , , , 4
2014/11/5, 27, , , , 7
2014/11/6, 46, , , , 4
2014/11/7, 37, , , , 7
2014/11/8, 42, , , , 7
2014/11/9, 47, , , , 5
2014/11/10, 42, , , , 4
2014/11/11, 30, , , , 3
2014/11/12, 28, , , , 4
2014/11/13, 20, , , , 5
2014/11/14, 29, , , , 5
2014/11/15, 42, , , , 5
2014/11/16, 53, , , , 5
2014/11/17, 45, , , , 14
2014/11/18, 74, , , , 16
2014/11/19, 97, , , , 14
2014/11/20, 79, , , , 9
2014/11/21, 58, , , , 5
2014/11/22, 37, , , , 5
2014/11/23, 31, , , , 5
2014/11/24, 31, , , , 6
2014/11/25, 39, , , , 4
2014/11/26, 27, , , , 6
2014/11/27, 39, , , , 3
2014/11/28, 21, , , , 3
2014/11/29, 22, , , , 3
2014/11/30, 25, , , , 4
2014/12/1, 39, , , , 7
2014/12/2, 46, , , , 4
2014/12/3, 36, , , , 8
2014/12/4, 42, , , , 11
2014/12/5, 64, , , , 10
2014/12/6, 53, , , , 6
2014/12/7, 36, , , , 10
2014/12/8, 49, , , , 6
2014/12/9, 38, , , , 5
2014/12/10, 45, , , , 3
2014/12/11, 34, , , , 4
2014/12/12, 36, , , , 8
2014/12/13, 32, , , , 8
2014/12/16, 46, , , , 6
2014/12/17, 38, , , , 9
2014/12/18, 55, , , , 5
2014/12/19, 39, , , , 5
2014/12/20, 39, , , , 3
2014/12/21, 21, , , , 5
2014/12/22, 40, , , , 8
2014/12/23, 50, , , , 5
2014/12/24, 40, , , , 7
2014/12/25, 42, , , , 6
2014/12/26, 39, , , , 6
2014/12/27, 55, , , , 5
2014/12/28, 31, , , , 5
2014/12/29, 30, , , , 
2014/7/3, 32, , , , 6
2014/7/4, 20, , , , 4
2014/7/5, 25, , , , 4
2014/7/6, 68, , , , 5
2014/7/7, 42, , , , 5
2014/7/8, 34, , , , 4
2014/7/9, 31, , , , 5
2014/7/10, 38, , , , 5
2014/7/11, 40, , , , 5
2014/7/12, 53, , , , 8
2014/7/13, 51, , , , 7
2014/7/14, 54, , , , 
2014/7/15, 43, , , , 6
2014/7/16, 55, , , , 6
2014/7/17, 57, , , , 7
2014/7/18, 50, , , , 5
2014/7/19, 50, , , , 6
2014/7/20, 18, , , , 3
2014/7/21, 18, , , , 3
2014/7/22, 30, , , , 5
2014/7/23, 48, , , , 5
2014/7/24, 42, , , , 5
2014/7/25, 24, , , , 3
2014/7/26, 25, , , , 4
2014/7/27, 26, , , , 3
2014/7/28, 26, , , , 4
2014/7/29, 41, , , , 5
2014/7/30, 30, , , , 4
2014/7/31, 34, , , , 4
2014/8/1, 29, , , , 3
2014/8/2, 44, , , , 6
2014/8/3, 61, , , , 7
2014/8/4, 52, , , , 5
2014/8/5, 54, , , , 6
2014/8/6, 37, , , , 5
2014/8/7, 39, , , , 5
2014/8/8, 40, , , , 5
2014/8/9, 35, , , , 4
2014/8/10, 27, , , , 2
2014/8/11, 24, , , , 1
2014/8/12, 72, , , , 8
2014/8/13, 62, , , , 6
2014/8/14, 26, , , , 5
2014/8/15, 52, , , , 7
2014/8/16, 52, , , , 8
2014/8/17, 41, , , , 6
2014/8/18, 36, , , , 7
2014/8/19, 46, , , , 7
2014/8/20, 47, , , , 7
2014/8/21, 37, , , , 5
2014/8/22, 43, , , , 6
2014/8/23, 42, , , , 5
2014/8/24, 64, , , , 8
2014/8/25, 61, , , , 7
2014/8/26, 64, , , , 9
2014/8/27, 68, , , , 9
2014/8/28, 57, , , , 7
2014/8/29, 30, , , , 6
2014/8/30, 29, , , , 6
2014/8/31, 34, , , , 5
2014/9/1, 25, , , , 4
2014/9/2, 33, , , , 5
2014/9/3, 22, , , , 2
2014/9/4, 42, , , , 6
2014/9/5, 34, , , , 4
2014/9/6, 35, , , , 3
2014/9/7, 42, , , , 5
2014/9/8, 63, , , , 8
2014/9/9, 42, , , , 5
2014/9/10, 41, , , , 5
2014/9/11, 35, , , , 4
2014/9/12, 19, , , , 3
2014/9/13, 24, , , , 4
2014/9/14, 29, , , , 5
2014/9/15, 50, , , , 7
2014/9/16, 66, , , , 12
2014/9/17, 56, , , , 6
2014/9/18, 52, , , , 6
2014/9/19, 45, , , , 6
2014/9/20, 30, , , , 6
2014/9/21, 33, , , , 4
2014/9/22, 44, , , , 7
2014/9/23, 28, , , , 6
2014/9/24, 38, , , , 5
2014/9/25, 27, , , , 4
2014/9/26, 26, , , , 4
2014/9/27, 28, , , , 4
2014/9/28, 27, , , , 4
2014/9/29, 55, , , , 6
2014/9/30, 42, , , , 5
2014/10/1, 34, , , , 4
2020/7/30, , 44, 25, 1, 5
2020/7/31, , 21, 17, 1, 4
2020/8/1, , 16, 11, 1, 3
2020/8/2, , 19, 12, 1, 4
2020/8/3, , 23, 12, 1, 4
2020/8/4, , 22, 11, 1, 3
2020/4/1, , 28, 12, 1, 3
2020/4/29, , 24, 10, 1, 2
2020/4/30, , 30, 10, 1, 2
2019/8/11, , 22, 2, 1, 
2019/8/12, , 22, 9, 1, 7
2019/4/10, , 28, 5, 1, 4
2019/4/11, , 33, 3, 1, 4
2019/4/12, , 25, 12, 1, 4
2019/1/1, , 8, 14, 1, 7
2025/1/1, , , 9, , 
2024/6/10, , , 15, , 
2024/6/14, , , 8, , 
2024/6/15, , , 7, , 
2024/6/16, , , 10, , 
2024/6/17, , , 10, , 
2024/6/18, , , 10, , 
2023/6/22, , , 7, , 
2023/6/23, , , 16, , 
2023/6/24, , , 9, , 
2023/6/25, , , 11, , 
2023/6/26, , , 14, , 
2022/12/17, , , 14, , 
2022/12/18, , , 9, , 
2022/12/19, , , 11, , 
2022/12/20, , , 12, , 
2022/12/21, , , 7, , 
2022/12/22, , , 16, , 
2022/8/6, , , 11, , 
2022/8/7, , , 13, , 
2022/8/8, , , 25, , 
2022/8/9, , , 21, , 
2022/8/10, , , 15, , 
2022/8/11, , , 15, , 
2022/9/26, , , 39, , 
2021/10/2, , , 23, , 
2021/11/2, , , 10, , 
2021/11/20, , , 17, , 
2021/12/18, , , 8, , 
2021/12/26, , , 4, , 
2021/8/12, , , 43, , 
2021/8/20, , , 7, , 
2021/8/25, , , 26, , 
2021/9/10, , , 12, , 
2021/9/13, , , 11, , 
2021/9/22, , , 23, , 
2021/5/16, , , 26, , 
2021/5/20, , , 13, , 
2021/6/3, , , 6, , 
2021/6/18, , , 9, , 
2021/6/20, , , 6, , 
2018/2/19, , , 13, , 3
2018/2/20, , , 20, , 4
2020/1/1, , , , , 2
2018/4/20, , , , , 4
2017/9/10, , , , , 5
2017/6/16, , , , , 3
2016/4/1, , , , , 9
2016/6/15, , , , , 4
2016/1/19, , , , , 6
2016/2/8, , , , , 7
2016/2/22, , , , , 6
2016/2/29, , , , , 7
2016/3/7, , , , , 5
2016/3/15, , , , , 7
2016/3/21, , , , , 5
2016/3/29, , , , , 3
2016/1/3, , , , , 7
2015/7/1, , , , , 3
2015/1/1, , , , , 8
2014/12/14, , , , , 6
2014/12/15, , , , , 10
2014/7/2, , , , , 6
2014/5/8, , , , , 6
2014/5/9, , , , , 5
2014/5/10, , , , , 5
2014/5/11, , , , , 4
2014/5/12, , , , , 5
2014/5/13, , , , , 7
2014/5/14, , , , , 4
2014/5/15, , , , , 6
2014/5/16, , , , , 6
2014/5/17, , , , , 5
2014/5/18, , , , , 5
2014/5/19, , , , , 5
2014/5/20, , , , , 5
2014/5/21, , , , , 6
2014/5/22, , , , , 6
2014/5/23, , , , , 5
2014/5/31, , , , , 6
2014/6/1, , , , , 7
2014/6/2, , , , , 7
2014/6/3, , , , , 6
2014/6/4, , , , , 5
2014/6/5, , , , , 6
2014/6/6, , , , , 5
2014/6/7, , , , , 5
2014/6/8, , , , , 3
2014/6/9, , , , , 4
2014/6/10, , , , , 3
2014/6/11, , , , , 3
2014/6/12, , , , , 5
2014/6/13, , , , , 5
2014/6/14, , , , , 5
2014/6/15, , , , , 4
2014/6/16, , , , , 3
2014/6/17, , , , , 6
2014/6/18, , , , , 4
2014/6/19, , , , , 6
2014/6/20, , , , , 5
2014/6/21, , , , , 4
2014/6/22, , , , , 3
2014/6/23, , , , , 4
2014/6/24, , , , , 6
2014/6/25, , , , , 5
2014/6/26, , , , , 5
2014/6/27, , , , , 5
2014/6/28, , , , , 4
2014/6/29, , , , , 4
2014/6/30, , , , , 5
2014/7/1, , , , , 4